metodo,activo,peso,rc_pct
ew,AMZN,0.16666666666666666,0.14053025829688925
ew,GOOGL,0.16666666666666666,0.1179274449780414
ew,META,0.16666666666666666,0.14677271533717676
ew,NFLX,0.16666666666666666,0.18168987080266322
ew,NVDA,0.16666666666666666,0.20330813666708814
ew,TSLA,0.16666666666666666,0.20977157391814125
naive,AMZN,0.19654192754533933,0.18186666221147493
naive,GOOGL,0.23111493912216768,0.18240170137057338
naive,META,0.1801384866137607,0.17386094378660652
naive,NFLX,0.14385659987526564,0.16043855377971716
naive,NVDA,0.13135731802940814,0.16186142050332844
naive,TSLA,0.11699072881405852,0.1395707183482996
rp,AMZN,0.18479815185855214,0.16666666664135119
rp,GOOGL,0.216890787717681,0.16666666664085275
rp,META,0.17657183973219046,0.16666666667180302
rp,NFLX,0.15049255035181028,0.16666666682568032
rp,NVDA,0.13570376516686114,0.16666666662042448
rp,TSLA,0.135542905172905,0.1666666665998882
