regimen,ticker,NVDA,AMZN,TSLA,META,NFLX,GOOGL
Tendencia,NVDA,1.0,0.4974041445201134,0.35126430679078313,0.4108942004355404,0.4270279221305046,0.4552154561700066
Tendencia,AMZN,0.4974041445201134,1.0,0.359401414410793,0.5797378711634136,0.515888786243634,0.5846925462093131
Tendencia,TSLA,0.35126430679078313,0.359401414410793,1.0,0.25038836632767836,0.32402738033012896,0.33241197363959335
Tendencia,META,0.4108942004355404,0.5797378711634136,0.25038836632767836,1.0,0.40499398769926975,0.46795175120822635
Tendencia,NFLX,0.4270279221305046,0.515888786243634,0.32402738033012896,0.40499398769926975,1.0,0.426481925970593
Tendencia,GOOGL,0.4552154561700066,0.5846925462093131,0.33241197363959335,0.46795175120822635,0.426481925970593,1.0
Reversión,NVDA,1.0,0.45533651382567747,0.37502252627892135,0.45917287910905585,0.33502141065192703,0.4708722622740682
Reversión,AMZN,0.45533651382567747,1.0,0.3531281718451372,0.6092294239206182,0.4411730439949292,0.6103924533828516
Reversión,TSLA,0.37502252627892135,0.3531281718451372,1.0,0.32652691367253817,0.2263089313445833,0.3059582657982066
Reversión,META,0.45917287910905585,0.6092294239206182,0.32652691367253817,1.0,0.4076935697183824,0.6527739678231049
Reversión,NFLX,0.33502141065192703,0.4411730439949292,0.2263089313445833,0.4076935697183824,1.0,0.3879890478886588
Reversión,GOOGL,0.4708722622740682,0.6103924533828516,0.3059582657982066,0.6527739678231049,0.3879890478886588,1.0
Crisis,NVDA,1.0,0.6553334158567294,0.49700369197986355,0.5835410588084045,0.5452405918112737,0.6921640894310909
Crisis,AMZN,0.6553334158567294,1.0,0.4429054664958837,0.6221717798634517,0.6239843424880769,0.7155740465341965
Crisis,TSLA,0.49700369197986355,0.4429054664958837,1.0,0.3627809920335731,0.42413988094732336,0.4336981266864388
Crisis,META,0.5835410588084045,0.6221717798634517,0.3627809920335731,1.0,0.5456675632284643,0.7197275894103125
Crisis,NFLX,0.5452405918112737,0.6239843424880769,0.42413988094732336,0.5456675632284643,1.0,0.5344276928015098
Crisis,GOOGL,0.6921640894310909,0.7155740465341965,0.4336981266864388,0.7197275894103125,0.5344276928015098,1.0
