activo,voto_a,voto_b,correlacion
NVDA,voto_ema,voto_ema,1.0
NVDA,voto_ema,voto_rsi,-0.23843647180917973
NVDA,voto_ema,voto_bb,-0.05594257755950622
NVDA,voto_rsi,voto_ema,-0.23843647180917973
NVDA,voto_rsi,voto_rsi,1.0
NVDA,voto_rsi,voto_bb,0.2523104912470354
NVDA,voto_bb,voto_ema,-0.05594257755950622
NVDA,voto_bb,voto_rsi,0.2523104912470354
NVDA,voto_bb,voto_bb,1.0
AMZN,voto_ema,voto_ema,1.0
AMZN,voto_ema,voto_rsi,-0.10191619679864103
AMZN,voto_ema,voto_bb,-0.16391936316892552
AMZN,voto_rsi,voto_ema,-0.10191619679864103
AMZN,voto_rsi,voto_rsi,1.0
AMZN,voto_rsi,voto_bb,0.07554091143181897
AMZN,voto_bb,voto_ema,-0.16391936316892552
AMZN,voto_bb,voto_rsi,0.07554091143181897
AMZN,voto_bb,voto_bb,1.0
TSLA,voto_ema,voto_ema,1.0
TSLA,voto_ema,voto_rsi,-0.2507196803840659
TSLA,voto_ema,voto_bb,-0.06829571064266886
TSLA,voto_rsi,voto_ema,-0.2507196803840659
TSLA,voto_rsi,voto_rsi,1.0
TSLA,voto_rsi,voto_bb,0.2797908503855726
TSLA,voto_bb,voto_ema,-0.06829571064266886
TSLA,voto_bb,voto_rsi,0.2797908503855726
TSLA,voto_bb,voto_bb,1.0
META,voto_ema,voto_ema,1.0
META,voto_ema,voto_rsi,-0.38113450251322595
META,voto_ema,voto_bb,-0.25111995553188177
META,voto_rsi,voto_ema,-0.38113450251322595
META,voto_rsi,voto_rsi,1.0
META,voto_rsi,voto_bb,0.37393907749589367
META,voto_bb,voto_ema,-0.25111995553188177
META,voto_bb,voto_rsi,0.37393907749589367
META,voto_bb,voto_bb,1.0
NFLX,voto_ema,voto_ema,1.0
NFLX,voto_ema,voto_rsi,-0.16117245528691096
NFLX,voto_ema,voto_bb,-0.144226060865608
NFLX,voto_rsi,voto_ema,-0.16117245528691096
NFLX,voto_rsi,voto_rsi,1.0
NFLX,voto_rsi,voto_bb,0.6496049779792419
NFLX,voto_bb,voto_ema,-0.144226060865608
NFLX,voto_bb,voto_rsi,0.6496049779792419
NFLX,voto_bb,voto_bb,1.0
GOOGL,voto_ema,voto_ema,1.0
GOOGL,voto_ema,voto_rsi,-0.35788276658142076
GOOGL,voto_ema,voto_bb,-0.09797920559845952
GOOGL,voto_rsi,voto_ema,-0.35788276658142076
GOOGL,voto_rsi,voto_rsi,1.0
GOOGL,voto_rsi,voto_bb,0.21374057531455354
GOOGL,voto_bb,voto_ema,-0.09797920559845952
GOOGL,voto_bb,voto_rsi,0.21374057531455354
GOOGL,voto_bb,voto_bb,1.0
