caso,calmar,sharpe,mdd,cagr,n_operaciones,costos_totales,retorno_bruto,costo_total,retorno_neto,turnover_anual,n_rebalanceos,comision
0.00000,0.13658447614084376,0.29413805772091167,0.09440504406307673,0.012894263488408608,286,0.0,0.10517482019146152,0.0,0.10517482019146152,7.007177042457684,1,0.0
0.00025,0.1173278307649617,0.2572232710126756,0.09483770041136404,0.011127101664002659,286,14583.67294580246,0.10479717751557052,0.01458367294580246,0.09021350456976807,7.010978457048708,1,0.00025
0.00050,0.09769759038715373,0.22031817792166225,0.095834235883302,0.009362773922392709,286,28969.858444793634,0.10442251531657579,0.028969858444793634,0.07545265687178215,7.014777826068426,1,0.0005
0.00075,0.07597467006244034,0.18342637792813302,0.10005013603209661,0.007601276074740815,286,43161.18471937717,0.10405080313344775,0.04316118471937717,0.06088961841407059,7.018575012410736,1,0.00075
0.00100,0.056045792795088575,0.14655146060840554,0.10424696746257459,0.005842603937923796,286,57160.24541063146,0.10368201082541373,0.057160245410631465,0.04652176541478226,7.02236987878524,1,0.001
0.00125,0.03769204842898649,0.10969700390791409,0.10842481384970738,0.004086753334527016,286,70969.60002847451,0.1033161085685974,0.07096960002847451,0.03234650854012289,7.02616228773039,1,0.00125
0.00150,0.020728745635005163,0.07286657242901974,0.112583758512218,0.002333720092832614,286,84591.77439603019,0.10295306685268826,0.08459177439603019,0.018361292456658074,7.029952101626731,1,0.0015
0.00175,0.004998977285128209,0.036063715735632405,0.11672388441404287,0.0005835000468177309,286,98029.2610882704,0.10259285647769004,0.0980292610882704,0.004563595389419639,7.033739182710192,1,0.00175
0.00200,-0.00963141481445198,-0.0007080333238223397,0.12084527416580444,-0.00116391096385704,286,111284.5198650054,0.102235448550658,0.1112845198650054,-0.009049071314347401,7.037523393085468,1,0.002
0.00225,-0.02327781845617344,-0.03744516027285615,0.12494801002626983,-0.002908517093851648,286,124359.97809829499,0.10188081448249739,0.124359978098295,-0.022479163615797604,7.041304594739484,1,0.0022500000000000003
0.00250,-0.03604002282114274,-0.07414417064142677,0.12903217390380528,-0.004650322492154801,286,137258.03119435062,0.1015289259847881,0.13725803119435062,-0.03572910520956252,7.045082649554896,1,0.0025
0.00275,-0.048004768138096246,-0.11080159157656944,0.1330978473578264,-0.006389331302092183,286,149981.04300999956,0.10117975506662832,0.14998104300999957,-0.04880128794337124,7.048857419323685,1,0.00275
0.00300,-0.058180262270374705,-0.14741397342747503,0.13966158529110087,-0.008125547661332555,286,162531.34626378102,0.1008332740315318,0.16253134626378102,-0.06169807223224921,7.052628765760812,1,0.003
0.00325,-0.06707123008154331,-0.1839778913034565,0.14699261799595484,-0.00985897570189509,286,174911.24294174128,0.1004894554743477,0.1749112429417413,-0.07442178746739359,7.056396550517915,1,0.0032500000000000003
0.00350,-0.07512937522846365,-0.22048994660322538,0.1542621579763125,-0.011589619550154917,286,187123.0046979969,0.10014827227822273,0.1871230046979969,-0.08697473241977416,7.060160635197079,1,0.0035
0.00375,-0.08247615359391859,-0.25694676851398507,0.1614707130066324,-0.013317483326854562,286,199168.8732501297,0.09980969761155492,0.1991688732501297,-0.09935917563857477,7.063920881364669,1,0.00375
0.00400,-0.08921052890081901,-0.29334501547881126,0.16861878673345024,-0.015042571147105499,286,211051.0607694869,0.09947370492505128,0.2110510607694869,-0.11157735584443562,7.067677150565189,1,0.004
0.00425,-0.09541394875166007,-0.32968137663103186,0.17570687870843657,-0.016764887120400918,286,222771.75026643844,0.09914026794873029,0.22277175026643845,-0.12363148231770815,7.071429304335215,1,0.00425
0.00450,-0.10115405559663983,-0.3659525731942065,0.18273548442116017,-0.018484435350616946,286,234333.09597067442,0.09880936068904478,0.23433309597067442,-0.13552373528162964,7.075177204217357,1,0.0045000000000000005
0.00475,-0.10648749260377596,-0.4021553598465639,0.18970509533162236,-0.02020121993602475,286,245737.22370658352,0.0984809574259497,0.24573722370658352,-0.14725626628063382,7.078920711774283,1,0.00475
0.00500,-0.11146205191445743,-0.4382865260485191,0.19661619890251109,-0.021915244969294978,286,256986.23126379715,0.09815503271006532,0.25698623126379716,-0.15883119855373184,7.0826596886027655,1,0.005
