fecha,de,a,posiciones_abiertas
2017-11-02,1,0,0
2017-12-15,0,1,5
2018-04-06,1,2,2
2018-06-25,2,0,0
2018-07-31,0,1,3
2018-08-28,1,2,2
2018-12-14,2,0,0
2019-01-15,0,2,4
2019-02-06,2,1,1
2019-02-28,1,2,2
2019-04-11,2,0,0
2019-06-03,0,1,1
2019-06-17,1,0,1
2019-07-16,0,1,1
2019-11-13,1,0,0
2020-03-11,0,2,4
2020-07-20,2,0,0
2020-08-24,0,2,1
2020-12-31,2,0,0
2021-03-16,0,1,1
2021-07-16,1,0,1
2021-12-29,0,1,2
2022-02-03,1,2,1
2022-09-30,2,1,0
2022-10-14,1,2,0
2023-05-15,2,0,0
2023-08-31,0,1,1
2023-12-26,1,0,1
