nombre,inicio,fin,retorno_total,cagr,volatilidad,sharpe,sortino,mdd,calmar,duracion_max_dd,recovery_factor,n_operaciones,n_largas,n_cortas,win_rate,payoff,profit_factor,costos_totales,pnl_bruto,costos_vs_bruto,turnover_anual,exposicion_media
RP (sistema),2016-07-01,2024-04-26,0.03234650854012289,0.004086753334527016,0.04745800768330938,0.10969700390791409,0.15115141583827885,0.10842481384970738,0.03769204842898649,1565,0.2983312342593446,286.0,216.0,70.0,0.45104895104895104,1.2446903051773888,1.0227073208145423,70969.60002847451,103316.1085685974,0.6869170840029635,7.02616228773039,0.09931712126391914
RP naive,2016-07-01,2024-04-26,0.010793649135716787,0.0013763530179171646,0.04618682060392004,0.05290820856730284,0.07204583831235577,0.11117331714342742,0.012380246027394307,1565,0.09708848681551505,286.0,216.0,70.0,0.45104895104895104,1.2102413099224119,0.9944020954139562,69634.25413406723,80427.90326978396,0.8657972084699141,7.015813638315202,0.09825921896731192
Pesos iguales (EW),2016-07-01,2024-04-26,0.06598863761317131,0.008220422159249674,0.050256635368188,0.18805945043963548,0.26205293195336654,0.10771716894681366,0.07631487384623507,800,0.6126102111517036,286.0,216.0,70.0,0.45104895104895104,1.2901642416115213,1.0600712558464094,72789.17923336563,138777.81684653688,0.524501544175877,7.021779401145497,0.10067091165807301
Buy & Hold EW,2016-07-01,2024-04-26,16.7835700188736,0.4459217028778302,0.36629993277547696,1.190914918130634,1.7334045492106414,0.6167920191336882,0.7229693138768998,412,27.211068720452758,,,,,,,,,,,
NVDA (estrategia sola),2016-07-01,2024-04-26,0.25446105322033064,0.02947008602635015,0.18085634507734322,0.2508975390829981,0.36247687909771453,0.45142340537968545,0.06528258321378641,1401,0.5636859989709824,67.0,48.0,19.0,0.47761194029850745,1.1587328388216047,1.059412881208324,184421.4550910775,438882.5083114082,0.42020689272998235,13.117517159834286,0.16817490418003453
AMZN (estrategia sola),2016-07-01,2024-04-26,-0.0672206897626404,-0.008875393960680378,0.12146616523578331,-0.012908241637713492,-0.01865625410337508,0.2912608576052888,-0.030472319671282926,1397,-0.23079204777229834,61.0,41.0,20.0,0.39344262295081966,1.4458090571914457,0.937822091151208,103139.54195594726,35918.85219330687,2.8714598506899485,11.058262820130093,0.17175285750462918
TSLA (estrategia sola),2016-07-01,2024-04-26,0.6497142393455848,0.06623534457606284,0.21912604079312673,0.401405706356576,0.6261005144661621,0.4322510357190764,0.15323351271067803,798,1.5030946964990954,65.0,36.0,29.0,0.49230769230769234,1.2586037024859338,1.2204641963499963,190845.47056926365,840559.7099148484,0.22704570337852256,11.32610983470176,0.1845493773339447
META (estrategia sola),2016-07-01,2024-04-26,0.04765101568952934,0.005981587661441523,0.13435937034124412,0.11162092181249705,0.15906507824637217,0.3162826514853014,0.01891215858141845,1435,0.15065959345463414,62.0,39.0,23.0,0.3870967741935484,1.6472506853275908,1.04036885389111,99238.33940718074,146889.35509670997,0.6755992586518169,10.99736484322377,0.17450585365105856
NFLX (estrategia sola),2016-07-01,2024-04-26,0.12659910371633254,0.015388823639039373,0.14455083101930274,0.17767620757025715,0.2628031251090222,0.2874276565387716,0.05353981528553272,1241,0.44045554015521565,62.0,47.0,15.0,0.45161290322580644,1.3070925010144028,1.0764291184824493,120969.11850532317,247568.22222165565,0.48862942674854165,11.683117737362144,0.19372295881816842
GOOGL (estrategia sola),2016-07-01,2024-04-26,0.04474951714881481,0.0056242186673711725,0.1089490737138911,0.10620743876269892,0.14397441428318725,0.22427912332924138,0.02507687110545206,697,0.1995260035109137,60.0,43.0,17.0,0.55,0.8586985855612292,1.0495204934637246,99991.43774079697,144740.95488961184,0.6908303031236491,10.953437052038863,0.17175317525526435
