nombre,regimen,dias,media_diaria,ic95_inf,ic95_sup,ic_incluye_cero,retorno_anualizado,volatilidad_anual,sharpe,mdd
RP (sistema),Tendencia,559,-1.0887039175200921e-05,-0.0003679190688393712,0.00035333478455026787,True,-0.002743533872150632,0.06910372626322385,-0.039701677760475666,0.08130158328924979
RP (sistema),Reversión,743,8.898217125467237e-05,-0.00010525485393393798,0.00026870464069834234,True,0.022423507156177438,0.04064247921387706,0.5517258688422015,0.06410657085057349
RP (sistema),Crisis,665,-2.916115237679825e-05,-0.0001849509147022234,9.046960973197717e-05,True,-0.007348610398953159,0.028418206388169855,-0.2585881142031643,0.0534717454861132
RP naive,Tendencia,559,-6.047675124829605e-08,-0.00033371249982780936,0.00035902650542402975,True,-1.5240141314570605e-05,0.06736212675207165,-0.00022624198565853493,0.07584654751821587
RP naive,Reversión,743,6.495543226249364e-05,-0.0001254235583086355,0.00023889371139841886,True,0.016368768930148398,0.039560026004551045,0.4137704289745743,0.06360145570510355
RP naive,Crisis,665,-4.3840512262201415e-05,-0.00019180254123446578,6.873254362913198e-05,True,-0.011047809090074757,0.027430384935434607,-0.40275807707689815,0.053037668050462464
Pesos iguales (EW),Tendencia,559,-9.801122251995348e-06,-0.00038545052651758476,0.0003830744797132032,True,-0.0024698828075028277,0.07310550210536311,-0.033785183554900095,0.0892519622181103
Pesos iguales (EW),Reversión,743,0.00011791910414518303,-7.983129533371219e-05,0.00031440805071528523,True,0.029715614244586123,0.04288398797461918,0.6929302904891509,0.0651672045857029
Pesos iguales (EW),Crisis,665,-1.2575827666151704e-05,-0.000176541138177383,0.0001155536253453096,True,-0.0031691085718702295,0.030480326859391203,-0.1039722633713754,0.05550484969943317
Buy & Hold EW,Tendencia,559,0.0026947577881755286,0.0009292172202958116,0.004591109209000966,False,0.6790789626202333,0.356987215189038,1.902250091114988,0.25691511286956736
Buy & Hold EW,Reversión,743,0.0011926702770114115,-4.132786849538411e-05,0.0024051423857538497,True,0.3005529098068757,0.26860298858692866,1.1189484949070363,0.46396324124959
Buy & Hold EW,Crisis,665,0.0015225713033594345,-0.0006446308412477419,0.003724713382470676,True,0.3836879684465775,0.4574549561236209,0.8387448060413868,0.49307466592823207
