date,numero_condicion
2016-07-01,12.669589818275309
2016-07-05,12.650610761629236
2016-07-06,12.636590636995573
2016-07-07,12.63692566061652
2016-07-08,12.662067139499346
2016-07-11,12.646769446618569
2016-07-12,12.636495008068795
2016-07-13,12.637445485443108
2016-07-14,12.634213149522521
2016-07-15,12.63252977325162
2016-07-18,12.617313964582058
2016-07-19,12.764985943681078
2016-07-20,12.780281427591145
2016-07-21,12.816901061077914
2016-07-22,12.816218311936145
2016-07-25,12.831535102445201
2016-07-26,12.844826130647578
2016-07-27,12.84087268928815
2016-07-28,12.83409756482885
2016-07-29,12.57966673025307
2016-08-01,12.579314028298162
2016-08-02,12.580653568305047
2016-08-03,12.582754871701036
2016-08-04,12.561399949467454
2016-08-05,12.580323654702237
2016-08-08,12.587959813061115
2016-08-09,12.58413647673448
2016-08-10,12.586708591979912
2016-08-11,12.589663734864407
2016-08-12,12.591159706161001
2016-08-15,12.591921975809765
2016-08-16,12.596890638879989
2016-08-17,12.596690001600999
2016-08-18,12.59647838385307
2016-08-19,12.597562567677173
2016-08-22,12.58985364517248
2016-08-23,12.590498001722256
2016-08-24,12.599730405037207
2016-08-25,12.594516080219007
2016-08-26,12.587892021060355
2016-08-29,12.583104481913646
2016-08-30,12.588874133265918
2016-08-31,12.58697746578
2016-09-01,12.59059303307248
2016-09-02,12.588071372852013
2016-09-06,12.628570277043842
2016-09-07,12.631360731649
2016-09-08,12.630809273015222
2016-09-09,12.715099140334999
2016-09-12,12.749008150471305
2016-09-13,12.789543211938465
2016-09-14,12.790730127580687
2016-09-15,12.795629875957145
2016-09-16,12.79593839830724
2016-09-19,12.798474206316587
2016-09-20,12.795228313157331
2016-09-21,12.79537465171128
2016-09-22,12.787224452629912
2016-09-23,12.77255846834448
2016-09-26,12.770456273778265
2016-09-27,12.784708587640887
2016-09-28,12.777388842710929
2016-09-29,12.782817330010834
2016-09-30,12.795527362432722
2016-10-03,12.830330215060286
2016-10-04,12.825741309573559
2016-10-05,12.822784643471113
2016-10-06,12.841317476772932
2016-10-07,12.845180277713935
2016-10-10,12.81754568199689
2016-10-11,12.838892492253537
2016-10-12,12.838499649974098
2016-10-13,12.84201690636196
2016-10-14,12.842192043600077
2016-10-17,12.845262214377728
2016-10-18,13.294866173652059
2016-10-19,13.310752269914383
2016-10-20,13.30380727582069
2016-10-21,13.305176859383717
2016-10-24,13.320183370180532
2016-10-25,13.31993990200671
2016-10-26,13.321770729883356
2016-10-27,13.3229362810069
2016-10-28,13.329119869748258
2016-10-31,13.293048229158096
2016-11-01,13.326507823477574
2016-11-02,13.349652139885068
2016-11-03,13.228216395821228
2016-11-04,13.228311379620534
2016-11-07,13.280318335769524
2016-11-08,13.280052112373935
2016-11-09,13.31483286220426
2016-11-10,13.459194333213588
2016-11-11,13.548483494351656
2016-11-14,13.641812216739378
2016-11-15,13.652619405473798
2016-11-16,13.659343234357694
2016-11-17,13.666218241584811
2016-11-18,13.643138147566539
2016-11-21,13.591013959810123
2016-11-22,13.59476262856961
2016-11-23,13.594754458209097
2016-11-25,13.589546268762227
2016-11-28,13.566257583252463
2016-11-29,13.571002926638846
2016-11-30,13.58532275357901
2016-12-01,13.63377871229957
2016-12-02,13.639554804208997
2016-12-05,13.65836175689455
2016-12-06,13.670300360024036
2016-12-07,13.640614377905177
2016-12-08,13.648023012539362
2016-12-09,13.60738596140641
2016-12-12,13.590133290348767
2016-12-13,13.604059957364818
2016-12-14,13.60512594244165
2016-12-15,13.60378689047782
2016-12-16,13.60364668032838
2016-12-19,13.603628263583655
2016-12-20,13.610999652929205
2016-12-21,13.608311884912787
2016-12-22,13.60172648942762
2016-12-23,13.60389182237688
2016-12-27,13.653308476248165
2016-12-28,13.691572141157215
2016-12-29,13.69537604409572
2016-12-30,13.730988786258381
2017-01-03,13.714869513186624
2017-01-04,13.614721986977509
2017-01-05,13.577923420538342
2017-01-06,13.588374547691535
2017-01-09,13.615028372717722
2017-01-10,13.61031415133634
2017-01-11,13.56244914953966
2017-01-12,13.569462902106197
2017-01-13,13.588476909112382
2017-01-17,13.657975507743991
2017-01-18,13.620111055314386
2017-01-19,13.653003329047385
2017-01-20,13.2771466759573
2017-01-23,13.210839214752845
2017-01-24,13.228478597906202
2017-01-25,13.227616630468965
2017-01-26,13.217486089706268
2017-01-27,13.21836961753831
2017-01-30,13.21441676893717
2017-01-31,13.559209878483518
2017-02-01,13.438657354858309
2017-02-02,13.349974827059102
2017-02-03,13.384822607669856
2017-02-06,13.390564259262204
2017-02-07,13.435959250953031
2017-02-08,13.419615856466878
2017-02-09,13.418483082838714
2017-02-10,13.468165551657995
2017-02-13,13.47852635762208
2017-02-14,13.505001764566021
2017-02-15,13.51610877635474
2017-02-16,13.566097306586558
2017-02-17,13.605264163671007
2017-02-21,13.641772107792855
2017-02-22,13.575815171499826
2017-02-23,13.70704687774137
2017-02-24,13.705056414688453
2017-02-27,13.72857636772643
2017-02-28,13.79029993711353
2017-03-01,13.813696169094833
2017-03-02,13.85460259712711
2017-03-03,13.879576543084294
2017-03-06,13.877584021060711
2017-03-07,13.80705972768699
2017-03-08,13.808332745910418
2017-03-09,13.786872139090855
2017-03-10,13.793417930636622
2017-03-13,13.809776376866761
2017-03-14,13.790509972473965
2017-03-15,13.845415698891252
2017-03-16,13.915718706955525
2017-03-17,13.905479988086322
2017-03-20,13.99768843188281
2017-03-21,14.066578480505994
2017-03-22,14.05796401095352
2017-03-23,14.065992247059285
2017-03-24,13.914226197594788
2017-03-27,13.914095988817182
2017-03-28,13.95651063755343
2017-03-29,13.950211710085997
2017-03-30,13.925270688355095
2017-03-31,13.922035317137569
2017-04-03,13.940115044164699
2017-04-04,13.892290587127661
2017-04-05,13.905133981494084
2017-04-06,13.874735030313042
2017-04-07,13.8739545497291
2017-04-10,13.865675980096764
2017-04-11,13.874982241763728
2017-04-12,13.976335656056115
2017-04-13,13.995808973511682
2017-04-17,13.81816294987209
2017-04-18,13.821176572879674
2017-04-19,13.818229697317598
2017-04-20,13.823238462723925
2017-04-21,13.814708255980824
2017-04-24,14.026765205926637
2017-04-25,14.384277229035403
2017-04-26,14.434324951879123
2017-04-27,14.439852343739703
2017-04-28,14.369056785737117
2017-05-01,14.381362079626264
2017-05-02,14.384722974662846
2017-05-03,14.355999917406708
2017-05-04,14.34978136619832
2017-05-05,14.424774495640015
2017-05-08,14.41922710391917
2017-05-09,14.46684502037365
2017-05-10,14.629295849663581
2017-05-11,14.63408568242465
2017-05-12,14.670946789142207
2017-05-15,14.710807052682442
2017-05-16,14.687916108824105
2017-05-17,14.885590936770276
2017-05-18,14.922180908116614
2017-05-19,14.933047728529175
2017-05-22,14.948533457099202
2017-05-23,14.951415860137423
2017-05-24,14.945081975204221
2017-05-25,14.926078551997112
2017-05-26,14.934622957776446
2017-05-30,14.942588274928596
2017-05-31,14.950770279410648
2017-06-01,14.955217693471903
2017-06-02,15.018231959324348
2017-06-05,15.024664077834982
2017-06-06,15.031889128233434
2017-06-07,15.03849308445162
2017-06-08,15.067375556944619
2017-06-09,15.316913416049758
2017-06-12,15.341423744604283
2017-06-13,15.356370576452717
2017-06-14,15.346027905119017
2017-06-15,15.330278737994135
2017-06-16,15.331181147501596
2017-06-19,15.343916485020642
2017-06-20,15.345959235429012
2017-06-21,15.468026553598408
2017-06-22,15.567976886479029
2017-06-23,15.651519164053765
2017-06-26,15.678875768380475
2017-06-27,15.814184759078124
2017-06-28,15.799617100090124
2017-06-29,15.858906333439954
2017-06-30,15.85732536062081
2017-07-03,15.92271105077946
2017-07-05,15.930449100882962
2017-07-06,15.959771509673548
2017-07-07,15.946196835173687
2017-07-10,15.991728081250876
2017-07-11,15.964581109642852
2017-07-12,15.955408136468039
2017-07-13,16.14622977248299
2017-07-14,16.14927371172849
2017-07-17,15.81126345138094
2017-07-18,21.124386340591382
2017-07-19,21.398018003901914
2017-07-20,21.3919892384663
2017-07-21,21.41607813196537
2017-07-24,21.58539487045914
2017-07-25,23.256396815629078
2017-07-26,23.288949335324638
2017-07-27,23.09260966974641
2017-07-28,23.063203661208878
2017-07-31,23.140540365906766
2017-08-01,23.1562712101102
2017-08-02,23.218143637496237
2017-08-03,23.181328214775405
2017-08-04,23.15810244751029
2017-08-07,23.06175625098487
2017-08-08,23.041165529746678
2017-08-09,23.04900429049976
2017-08-10,24.386217901341904
2017-08-11,24.379759092675666
2017-08-14,24.501951698187533
2017-08-15,24.51391655543994
2017-08-16,24.451460230888372
2017-08-17,24.644500255779757
2017-08-18,24.687297421360675
2017-08-21,24.325667775573194
2017-08-22,23.91084455993446
2017-08-23,23.324503133683866
2017-08-24,23.510732780691157
2017-08-25,23.412453106587932
2017-08-28,23.04925605277108
2017-08-29,23.254533062505303
2017-08-30,23.28853265065228
2017-08-31,22.85044979135941
2017-09-01,22.764272111781775
2017-09-05,22.74836708072395
2017-09-06,22.7136433187661
2017-09-07,22.735428113310178
2017-09-08,22.817198746310282
2017-09-11,22.907463160325303
2017-09-12,22.91431717061047
2017-09-13,22.909163579963536
2017-09-14,23.021330975101733
2017-09-15,22.979583744361182
2017-09-18,22.996234155999417
2017-09-19,23.161233476714898
2017-09-20,23.06253294692035
2017-09-21,22.973588152860223
2017-09-22,23.034775371666644
2017-09-25,23.04281057672777
2017-09-26,23.082255648768783
2017-09-27,22.84215519854624
2017-09-28,22.946208910043424
2017-09-29,22.76112641035991
2017-10-02,22.78322677231454
2017-10-03,22.82060809472997
2017-10-04,22.753338158073188
2017-10-05,22.81073411767953
2017-10-06,22.807467689474006
2017-10-09,22.81210630988359
2017-10-10,22.807330539574114
2017-10-11,22.686087037639624
2017-10-12,22.80667371153722
2017-10-13,22.817418633769254
2017-10-16,22.84765662357715
2017-10-17,22.86003603888226
2017-10-18,22.827747250914136
2017-10-19,22.853928361300433
2017-10-20,22.887370369102346
2017-10-23,22.86854905749487
2017-10-24,23.456748582685677
2017-10-25,23.461287166995625
2017-10-26,23.457088042562688
2017-10-27,23.646633965239133
2017-10-30,23.62599061271496
2017-10-31,23.632605990189962
2017-11-01,23.663695484369896
2017-11-02,23.67058966774699
2017-11-03,23.501566341451436
2017-11-06,23.59247756037918
2017-11-07,23.27026573763145
2017-11-08,23.178411577608916
2017-11-09,23.169078141958995
2017-11-10,23.180785277435383
2017-11-13,23.102686901442627
2017-11-14,22.884032694608457
2017-11-15,22.78403573063436
2017-11-16,22.871612456507535
2017-11-17,22.684722450126717
2017-11-20,22.71967888777412
2017-11-21,22.86767559967357
2017-11-22,22.87052134104997
2017-11-24,22.855546851647915
2017-11-27,22.705027841238948
2017-11-28,22.676788981800332
2017-11-29,23.145474833660035
2017-11-30,23.044398829647395
2017-12-01,23.077774881135767
2017-12-04,23.20646106341849
2017-12-05,23.132315952656686
2017-12-06,23.099998177017465
2017-12-07,23.11589348255615
2017-12-08,23.004094960849205
2017-12-11,23.040442056336758
2017-12-12,22.906022868261026
2017-12-13,22.888540023262788
2017-12-14,22.88314317956909
2017-12-15,22.747701530921844
2017-12-18,22.709381466671445
2017-12-19,22.66509114750797
2017-12-20,22.664626424489413
2017-12-21,22.690179555697984
2017-12-22,22.710766539691782
2017-12-26,22.73019341044624
2017-12-27,22.822640574903208
2017-12-28,22.726938990246584
2017-12-29,22.732400985433173
2018-01-02,22.87926913913393
2018-01-03,22.646599622398167
2018-01-04,22.641443858483136
2018-01-05,22.706408066950452
2018-01-08,22.608955095832993
2018-01-09,22.58579895204276
2018-01-10,22.583309387646263
2018-01-11,22.605092856568387
2018-01-12,21.45397669224494
2018-01-16,21.446931349963947
2018-01-17,21.103472188791052
2018-01-18,21.075051100408576
2018-01-19,21.084174575807314
2018-01-22,21.263426750961845
2018-01-23,21.338352809183856
2018-01-24,21.39097699432392
2018-01-25,21.39152889303621
2018-01-26,21.191883491424736
2018-01-29,22.51786096538267
2018-01-30,22.8045427109241
2018-01-31,22.79664174153066
2018-02-01,23.120717368179417
2018-02-02,21.34773593138214
2018-02-05,21.994725623231965
2018-02-06,21.401453320801632
2018-02-07,21.596837097015975
2018-02-08,22.274104273038457
2018-02-09,21.967192444376302
2018-02-12,22.031555360980054
2018-02-13,22.018892065074652
2018-02-14,21.99009319453399
2018-02-15,21.69813586646438
2018-02-16,21.59058165595524
2018-02-20,21.551863033599183
2018-02-21,21.48318325867542
2018-02-22,21.432313358512644
2018-02-23,21.475891480205227
2018-02-26,21.447031254849115
2018-02-27,21.429067738063292
2018-02-28,21.457805165872788
2018-03-01,21.28503756246562
2018-03-02,21.309501869738614
2018-03-05,21.33469584160579
2018-03-06,21.348720887196038
2018-03-07,21.27775596060884
2018-03-08,21.087722296729375
2018-03-09,21.056172140418862
2018-03-12,21.132219778916983
2018-03-13,21.078515564562558
2018-03-14,21.07601467364639
2018-03-15,21.079262215137643
2018-03-16,20.89713117778041
2018-03-19,21.127671970984867
2018-03-20,21.118916236390834
2018-03-21,21.13094294911141
2018-03-22,21.178331655222948
2018-03-23,21.405860698716154
2018-03-26,21.652575358940393
2018-03-27,22.519259676914288
2018-03-28,22.666818264453376
2018-03-29,22.926068366630595
2018-04-02,23.316049198919895
2018-04-03,23.332706677905666
2018-04-04,23.444797987794672
2018-04-05,23.25846415584747
2018-04-06,23.355348697916995
2018-04-09,23.29613620239775
2018-04-10,23.524406261048238
2018-04-11,23.414955104583257
2018-04-12,23.286354801446517
2018-04-13,23.233650286954138
2018-04-16,23.207879980716783
2018-04-17,23.456791155879486
2018-04-18,23.46069223235876
2018-04-19,23.29483289268668
2018-04-20,23.35173475200533
2018-04-23,23.42660694694962
2018-04-24,24.281111581138504
2018-04-25,24.335528398349943
2018-04-26,23.687989770456046
2018-04-27,23.463666400067712
2018-04-30,25.894574565853212
2018-05-01,26.047702267390196
2018-05-02,25.73418904772162
2018-05-03,25.633530609276242
2018-05-04,25.524148176571867
2018-05-07,25.66510167183709
2018-05-08,25.627646138768064
2018-05-09,25.520592217418862
2018-05-10,25.44946734727481
2018-05-11,25.528291220817845
2018-05-14,25.53409354588703
2018-05-15,25.270030596541815
2018-05-16,25.35424694308166
2018-05-17,25.326050966247475
2018-05-18,25.27497419249878
2018-05-21,25.27949024727084
2018-05-22,25.246047226004848
2018-05-23,25.30856938660343
2018-05-24,25.31418569307162
2018-05-25,25.32483912329281
2018-05-29,25.173586298644793
2018-05-30,25.405096835912733
2018-05-31,25.348882038099756
2018-06-01,25.01532718159992
2018-06-04,24.967546299537087
2018-06-05,24.954273542004646
2018-06-06,25.07582146778669
2018-06-07,25.156422215194798
2018-06-08,25.28722133431324
2018-06-11,25.302439310818485
2018-06-12,25.12888372506393
2018-06-13,25.221554866027788
2018-06-14,25.330318236693312
2018-06-15,25.32884602468173
2018-06-18,25.29674072090852
2018-06-19,25.442122916381212
2018-06-20,25.385248486930774
2018-06-21,25.40761144009129
2018-06-22,25.37930434180355
2018-06-25,25.676850731817925
2018-06-26,25.34402728745157
2018-06-27,25.531555319081797
2018-06-28,25.584807651809392
2018-06-29,25.498770641948923
2018-07-02,25.60776091158352
2018-07-03,25.80156437230549
2018-07-05,25.894245380973267
2018-07-06,25.97554707251575
2018-07-09,26.013827005507466
2018-07-10,25.94713540938683
2018-07-11,25.972187114565454
2018-07-12,25.9851258993446
2018-07-13,26.00719669759028
2018-07-16,25.996657153289448
2018-07-17,25.99092118053334
2018-07-18,26.081981197739466
2018-07-19,26.01114677524795
2018-07-20,25.98166223423756
2018-07-23,25.84038423880551
2018-07-24,25.346406810791127
2018-07-25,25.37846933925771
2018-07-26,20.072797970790273
2018-07-27,19.823417092239954
2018-07-30,20.036486361980305
2018-07-31,20.536051274728813
2018-08-01,20.552033806821
2018-08-02,20.838065858661757
2018-08-03,20.840078145577827
2018-08-06,20.70873115131384
2018-08-07,20.71903117557968
2018-08-08,20.71371842632151
2018-08-09,20.74619608850091
2018-08-10,20.747561236081705
2018-08-13,20.734725284639676
2018-08-14,20.70556583801309
2018-08-15,20.753736915560552
2018-08-16,20.767861176324335
2018-08-17,21.033843092497793
2018-08-20,21.02864637813194
2018-08-21,21.061281895306536
2018-08-22,21.093378354492238
2018-08-23,21.095408977916005
2018-08-24,21.106377443718223
2018-08-27,21.110093912166814
2018-08-28,21.103215343753945
2018-08-29,21.099648351895503
2018-08-30,21.01977553521313
2018-08-31,20.860318295383415
2018-09-04,20.749299950511546
2018-09-05,20.87724942152676
2018-09-06,20.843630360877775
2018-09-07,20.865759983384645
2018-09-10,20.931705195276756
2018-09-11,20.767575294332442
2018-09-12,20.658681996585983
2018-09-13,20.551293965399775
2018-09-14,20.553532023693133
2018-09-17,20.576117929454657
2018-09-18,20.62401868668268
2018-09-19,20.629216554308147
2018-09-20,20.603214269688287
2018-09-21,20.618742930789885
2018-09-24,20.634156965652735
2018-09-25,20.63338625725782
2018-09-26,20.668769134436587
2018-09-27,20.648911207080495
2018-09-28,20.779010457140217
2018-10-01,21.18806231323281
2018-10-02,21.1482484369364
2018-10-03,21.123749761394304
2018-10-04,21.26823647328477
2018-10-05,21.535016629621925
2018-10-08,21.568541283206905
2018-10-09,21.50244627915223
2018-10-10,22.165383318725546
2018-10-11,22.17924233917661
2018-10-12,22.375463657792878
2018-10-15,22.418445607789987
2018-10-16,22.73340067883449
2018-10-17,22.717706847222196
2018-10-18,22.552281321987817
2018-10-19,22.53780221812085
2018-10-22,22.539995427904984
2018-10-23,22.53728086248001
2018-10-24,23.208006156043773
2018-10-25,23.718812474753253
2018-10-26,23.307012802197306
2018-10-29,23.520315944443734
2018-10-30,23.90780818962727
2018-10-31,24.336792089986595
2018-11-01,23.945668197971134
2018-11-02,23.885145258312352
2018-11-05,23.8945168160309
2018-11-06,23.874285969354823
2018-11-07,23.892436770444267
2018-11-08,23.969451953853838
2018-11-09,23.978845684285858
2018-11-12,24.197316269014856
2018-11-13,23.7089249829378
2018-11-14,23.414487287870383
2018-11-15,23.37568784900357
2018-11-16,23.42800990718586
2018-11-19,23.98635282247202
2018-11-20,24.07912621132646
2018-11-21,24.12771039939096
2018-11-23,24.16181250773543
2018-11-26,24.398350160408043
2018-11-27,24.399493885299048
2018-11-28,24.749345929397816
2018-11-29,24.767223691120062
2018-11-30,24.792096617619293
2018-12-03,24.54148885344331
2018-12-04,24.796022994812642
2018-12-06,24.758326609478786
2018-12-07,25.090656257419155
2018-12-10,25.20476298630733
2018-12-11,25.176756684561077
2018-12-12,25.380224673961187
2018-12-13,25.40773220977232
2018-12-14,25.494315432526502
2018-12-17,25.635053945353782
2018-12-18,25.654047516249843
2018-12-19,25.36419341210934
2018-12-20,25.47759943277908
2018-12-21,25.617730529943938
2018-12-24,25.784855742659676
2018-12-26,26.824474066379153
2018-12-27,26.78535995777177
2018-12-28,26.678078281814653
2018-12-31,26.57472813435166
2019-01-02,26.519153075548243
2019-01-03,26.56612130359338
2019-01-04,27.29574947966336
2019-01-07,27.196022856177528
2019-01-08,27.24182653301947
2019-01-09,27.1929738613788
2019-01-10,27.18234915752123
2019-01-11,27.120596479326306
2019-01-14,27.100645578005743
2019-01-15,27.201213781279208
2019-01-16,27.16896862360383
2019-01-17,27.146102450145627
2019-01-18,27.235482708044398
2019-01-22,27.42528350504185
2019-01-23,27.428327238111727
2019-01-24,27.497938142008437
2019-01-25,27.502045704610165
2019-01-28,27.777806091345294
2019-01-29,27.804918333424038
2019-01-30,28.118659076682793
2019-01-31,28.387311448635604
2019-02-01,28.162321280666394
2019-02-04,28.320585947449683
2019-02-05,28.354721949348793
2019-02-06,28.294879606966823
2019-02-07,28.393855514199
2019-02-08,28.401037706162786
2019-02-11,28.42324687273394
2019-02-12,28.444438602734675
2019-02-13,28.45393103828732
2019-02-14,28.445432072667803
2019-02-15,28.439704248056238
2019-02-19,28.465571719735646
2019-02-20,28.455364556354837
2019-02-21,28.472683571816308
2019-02-22,28.476606950718647
2019-02-25,28.473472853101967
2019-02-26,28.273590348834908
2019-02-27,28.277154642377493
2019-02-28,28.25488116818056
2019-03-01,28.1848624596701
2019-03-04,28.16851075445338
2019-03-05,28.057314930222233
2019-03-06,28.061526615953724
2019-03-07,28.091001485573173
2019-03-08,28.110068026105687
2019-03-11,28.287505358158906
2019-03-12,28.144485749032686
2019-03-13,28.161176589143494
2019-03-14,28.151530392888787
2019-03-15,28.136576274872304
2019-03-18,28.14375366297658
2019-03-19,28.139143824469112
2019-03-20,28.180517360987594
2019-03-21,28.273298203533052
2019-03-22,28.36520147559832
2019-03-25,28.27515280741555
2019-03-26,28.272841171894477
2019-03-27,28.288984104167906
2019-03-28,28.25107658135217
2019-03-29,28.25908393293843
2019-04-01,28.30123023466982
2019-04-02,28.300512841198522
2019-04-03,28.345409423999456
2019-04-04,28.38467203366626
2019-04-05,28.309213930181343
2019-04-08,28.29188380017624
2019-04-09,28.28534911415285
2019-04-10,28.290633273433727
2019-04-11,28.306252677295113
2019-04-12,28.232277900435925
2019-04-15,28.236128494050288
2019-04-16,28.29454221485907
2019-04-17,28.213757361780583
2019-04-18,28.20189388611474
2019-04-22,28.22274373418566
2019-04-23,28.236830240158604
2019-04-24,28.258321214055176
2019-04-25,28.410264823438176
2019-04-26,28.416922997112728
2019-04-29,28.282238922213256
2019-04-30,25.33348116242266
2019-05-01,25.6977008243391
2019-05-02,25.6734643173067
2019-05-03,25.744619999010165
2019-05-06,25.859806750528865
2019-05-07,26.009813331309772
2019-05-08,25.998424037511683
2019-05-09,26.006066017515945
2019-05-10,25.998518173411497
2019-05-13,26.071471603795054
2019-05-14,25.95415663680337
2019-05-15,25.603456963538434
2019-05-16,25.6148346657269
2019-05-17,25.742416333459317
2019-05-20,25.481557982555806
2019-05-21,25.414470945713987
2019-05-22,25.438780075042086
2019-05-23,25.43232988576317
2019-05-24,25.43986667647653
2019-05-28,25.411843846891767
2019-05-29,25.37553466571823
2019-05-30,25.359005010356668
2019-05-31,25.40037228741444
2019-06-03,25.39794029610002
2019-06-04,25.73497511011668
2019-06-05,25.657150479753028
2019-06-06,25.679750727041775
2019-06-07,25.705282000507733
2019-06-10,25.717286983736912
2019-06-11,25.632080578441247
2019-06-12,25.42378299365107
2019-06-13,25.412140150081914
2019-06-14,25.34430533669665
2019-06-17,25.40589786150098
2019-06-18,25.42521961407973
2019-06-19,25.53487830951491
2019-06-20,25.551175913483114
2019-06-21,25.482751622066342
2019-06-24,25.41596699410308
2019-06-25,25.40794224299176
2019-06-26,25.38144672035303
2019-06-27,25.379472833730215
2019-06-28,25.253991888838925
2019-07-01,25.18527952112369
2019-07-02,25.140219232549992
2019-07-03,25.15716928086575
2019-07-05,25.03787989894593
2019-07-08,24.948723778546885
2019-07-09,24.899461678375367
2019-07-10,24.894778210091868
2019-07-11,24.812251554265153
2019-07-12,24.78288935138591
2019-07-15,24.71285861819154
2019-07-16,24.697603323070968
2019-07-17,24.69267581883548
2019-07-18,24.756615945276135
2019-07-19,24.524007084990412
2019-07-22,24.528633986750133
2019-07-23,24.523176832376816
2019-07-24,24.497958259924687
2019-07-25,24.62721144195452
2019-07-26,20.531483124608574
2019-07-29,20.531752181433294
2019-07-30,20.534327596822585
2019-07-31,20.665584886727903
2019-08-01,20.669176360347198
2019-08-02,20.692347407032322
2019-08-05,20.871595001681822
2019-08-06,20.866490309805442
2019-08-07,20.863529479688868
2019-08-08,20.93192752669001
2019-08-09,20.969796283704685
2019-08-12,20.989737380301104
2019-08-13,20.926009191154353
2019-08-14,21.166097610497022
2019-08-15,21.09528245007944
2019-08-16,21.177396556152296
2019-08-19,21.318763296607862
2019-08-20,21.273049734755777
2019-08-21,21.27216185111065
2019-08-22,21.241275335381594
2019-08-23,21.39422923940307
2019-08-26,21.423378600196347
2019-08-27,21.42915672403547
2019-08-28,21.414593704206492
2019-08-29,21.471743216073467
2019-08-30,21.471593826330174
2019-09-03,21.35056846540031
2019-09-04,21.344697538443494
2019-09-05,21.451647168002673
2019-09-06,21.437211215996914
2019-09-09,21.446412706694105
2019-09-10,21.427485813367486
2019-09-11,21.395597711364452
2019-09-12,21.30671605644565
2019-09-13,21.2921284933866
2019-09-16,21.304532500776816
2019-09-17,21.29575786256513
2019-09-18,21.28321134594474
2019-09-19,21.272900166420172
2019-09-20,21.36173033067659
2019-09-23,21.367829761427668
2019-09-24,21.518833882603097
2019-09-25,21.52230508454292
2019-09-26,21.401683037990097
2019-09-27,21.417676150390818
2019-09-30,21.430726121912077
2019-10-01,21.399469087319854
2019-10-02,21.34017221049977
2019-10-03,21.34503539357313
2019-10-04,21.305217649671526
2019-10-07,21.32364666133906
2019-10-08,21.33585264153722
2019-10-09,21.341658345408554
2019-10-10,21.34359445063777
2019-10-11,21.351667984507365
2019-10-14,21.40785310734116
2019-10-15,21.455757572246693
2019-10-16,21.445555262472347
2019-10-17,21.445561837571233
2019-10-18,21.512690885688816
2019-10-21,21.485755671028198
2019-10-22,21.465787243111897
2019-10-23,21.430295735159447
2019-10-24,21.598258317992173
2019-10-25,21.694162762562478
2019-10-28,21.63184845290315
2019-10-29,21.57676774145803
2019-10-30,22.302447219590512
2019-10-31,22.325960335895026
2019-11-01,22.320004004195535
2019-11-04,22.361581794724987
2019-11-05,22.348550174858172
2019-11-06,22.336786025015886
2019-11-07,22.31495959542745
2019-11-08,22.321881700242763
2019-11-11,22.32241416799903
2019-11-12,22.31871733927875
2019-11-13,22.309968826045814
2019-11-14,22.27535225703225
2019-11-15,22.07814591236431
2019-11-18,22.02024925859589
2019-11-19,22.004868739861728
2019-11-20,22.016441184459666
2019-11-21,22.009620104925347
2019-11-22,21.976381235429592
2019-11-25,22.041393388301472
2019-11-26,22.127984601351717
2019-11-27,22.11750823645764
2019-11-29,22.12593859399337
2019-12-02,21.90186937874227
2019-12-03,21.923502226352475
2019-12-04,21.764860996368924
2019-12-05,21.65496994060948
2019-12-06,21.666845334742344
2019-12-09,21.64492000640839
2019-12-10,21.643042301898568
2019-12-11,21.66075011357799
2019-12-12,21.655872014044995
2019-12-13,21.65749417108094
2019-12-16,21.71047876135494
2019-12-17,21.687923127592562
2019-12-18,21.716527815726074
2019-12-19,21.767495724692907
2019-12-20,21.753217354180048
2019-12-23,21.751861597247565
2019-12-24,21.750494315835756
2019-12-26,21.604961327070438
2019-12-27,21.610473897527488
2019-12-30,21.695402014414558
2019-12-31,21.692166782403135
2020-01-02,21.76128206046062
2020-01-03,21.667590219376248
2020-01-06,21.599080631873502
2020-01-07,21.59937906028806
2020-01-08,21.55677705249631
2020-01-09,21.49657685239666
2020-01-10,21.462977549611967
2020-01-13,21.621236301840913
2020-01-14,21.639825604647044
2020-01-15,21.64163583772366
2020-01-16,21.642075977523056
2020-01-17,21.493486419847567
2020-01-21,21.496891747004266
2020-01-22,21.492749415852515
2020-01-23,21.46304201439937
2020-01-24,21.369714422017996
2020-01-27,21.41727505065294
2020-01-28,21.451910694774597
2020-01-29,21.44433857267796
2020-01-30,21.47233896169434
2020-01-31,20.589345005432747
2020-02-03,20.709208152452398
2020-02-04,20.44594825028975
2020-02-05,21.99348854097726
2020-02-06,21.830214139821063
2020-02-07,21.736465815954894
2020-02-10,21.839946656944228
2020-02-11,21.440614470210406
2020-02-12,21.89680073983993
2020-02-13,21.970317615290213
2020-02-14,22.00373296575109
2020-02-18,22.0466328864927
2020-02-19,22.13301099265612
2020-02-20,22.19348757270713
2020-02-21,22.243625310953057
2020-02-24,22.58835249014999
2020-02-25,22.682821702294294
2020-02-26,22.667094584416276
2020-02-27,23.105460083389335
2020-02-28,23.10010585787419
2020-03-02,23.406514039748476
2020-03-03,23.46752098499333
2020-03-04,23.59194098597262
2020-03-05,23.509785731428433
2020-03-06,23.556174957462844
2020-03-09,24.31620417304719
2020-03-10,24.687355236587717
2020-03-11,24.803625138171935
2020-03-12,25.98341080862901
2020-03-13,26.109651499139726
2020-03-16,27.494043106120593
2020-03-17,27.66223714899994
2020-03-18,27.895558978325976
2020-03-19,28.40144604566516
2020-03-20,28.384540294184422
2020-03-23,28.148430373105295
2020-03-24,28.93029105872688
2020-03-25,28.841505263934128
2020-03-26,28.629799391795586
2020-03-27,28.178324555870248
2020-03-30,28.335825097487145
2020-03-31,28.186222949462508
2020-04-01,28.25149313118925
2020-04-02,28.160910916393668
2020-04-03,28.053089246409723
2020-04-06,28.428711966067112
2020-04-07,28.33828669661152
2020-04-08,28.392642667445507
2020-04-09,28.268332256070003
2020-04-13,28.141323728445155
2020-04-14,28.455130177171178
2020-04-15,28.45989724570211
2020-04-16,28.215781983275264
2020-04-17,28.01806051306685
2020-04-20,28.00957872723269
2020-04-21,28.261041302728135
2020-04-22,28.400736784774487
2020-04-23,28.370844226183575
2020-04-24,28.38968198063355
2020-04-27,28.44451832226059
2020-04-28,28.72233236924703
2020-04-29,28.337180786090478
2020-04-30,27.879023912167735
2020-05-01,27.708998134670143
2020-05-04,27.86813142956672
2020-05-05,27.779050791980477
2020-05-06,27.784596385813284
2020-05-07,27.725210311836445
2020-05-08,27.75995430238234
2020-05-11,27.817579949051982
2020-05-12,27.87700650635327
2020-05-13,27.820344773940164
2020-05-14,27.83903949946912
2020-05-15,27.820376733598962
2020-05-18,27.837866932604204
2020-05-19,27.712028407996716
2020-05-20,27.71567433871647
2020-05-21,27.7114182137693
2020-05-22,27.698409552606673
2020-05-26,27.644873950953084
2020-05-27,27.622516601891046
2020-05-28,27.631498694078584
2020-05-29,27.78694080596859
2020-06-01,27.758334266663624
2020-06-02,27.80801456882974
2020-06-03,27.980399815376625
2020-06-04,27.968708933584633
2020-06-05,28.025740521533482
2020-06-08,27.990497436319263
2020-06-09,27.823657370487453
2020-06-10,27.919875812672696
2020-06-11,28.12235244514699
2020-06-12,28.111151200119792
2020-06-15,28.163707795989026
2020-06-16,28.093960055378627
2020-06-17,28.10915268461532
2020-06-18,28.076632922672008
2020-06-19,27.993677278102755
2020-06-22,27.95051809499319
2020-06-23,27.899835273998985
2020-06-24,27.948626205140787
2020-06-25,27.876365723900527
2020-06-26,28.01825130944583
2020-06-29,27.873447086039715
2020-06-30,27.938870921796536
2020-07-01,27.93739665705923
2020-07-02,27.866165383308047
2020-07-06,27.887156186761104
2020-07-07,27.919965419914213
2020-07-08,27.88208217154549
2020-07-09,27.832939231177708
2020-07-10,27.904408783549716
2020-07-13,27.994610831957516
2020-07-14,27.98804306942475
2020-07-15,27.95276295962044
2020-07-16,27.97263672424112
2020-07-17,27.978643818257225
2020-07-20,28.06145891428334
2020-07-21,28.07769788322177
2020-07-22,28.00844516295525
2020-07-23,28.207202134709313
2020-07-24,28.45649060199139
2020-07-27,28.546244569853286
2020-07-28,32.75323308695479
2020-07-29,32.965748681787424
2020-07-30,32.84902788292701
2020-07-31,29.654226572944136
2020-08-03,29.676184686017425
2020-08-04,29.486732299727894
2020-08-05,29.490289706148484
2020-08-06,29.666544703850974
2020-08-07,29.66596386870097
2020-08-10,29.640042191462882
2020-08-11,29.67450375582736
2020-08-12,29.971211412398162
2020-08-13,29.991216247228827
2020-08-14,29.972765710478196
2020-08-17,30.15895046687254
2020-08-18,30.14068512756547
2020-08-19,29.981196076719115
2020-08-20,30.085879245923486
2020-08-21,30.073733923592883
2020-08-24,30.064925036382828
2020-08-25,30.04752325438117
2020-08-26,30.14829540231577
2020-08-27,30.127123002696433
2020-08-28,30.120047011470483
2020-08-31,30.188946478748953
2020-09-01,30.21226462517574
2020-09-02,30.11996532667907
2020-09-03,30.584559316715215
2020-09-04,30.514347887948333
2020-09-08,31.33137201490098
2020-09-09,31.472319460962833
2020-09-10,31.43862539822111
2020-09-11,31.435054584690434
2020-09-14,31.57709891929028
2020-09-15,31.728551267312408
2020-09-16,31.751163579868958
2020-09-17,31.777683237137737
2020-09-18,31.728834886026007
2020-09-21,31.701507654464987
2020-09-22,31.642608548372284
2020-09-23,31.945047765368976
2020-09-24,31.942135693830178
2020-09-25,32.00246170271488
2020-09-28,32.03136568140549
2020-09-29,32.03115623062974
2020-09-30,31.968369516997516
2020-10-01,31.75648075114649
2020-10-02,32.042458869955105
2020-10-05,32.109406765136555
2020-10-06,32.075676841790575
2020-10-07,31.98265693296005
2020-10-08,31.915087697916075
2020-10-09,31.943777611543602
2020-10-12,31.70539210974893
2020-10-13,31.669538878612187
2020-10-14,31.560673800953552
2020-10-15,31.549832256029653
2020-10-16,31.27794788071092
2020-10-19,31.30984132699165
2020-10-20,31.212925582887074
2020-10-21,31.2270120640802
2020-10-22,31.126887360495633
2020-10-23,31.11224994942194
2020-10-26,30.679301165258572
2020-10-27,30.34074485433643
2020-10-28,30.807553987345536
2020-10-29,30.772715944190356
2020-10-30,28.011832034447615
2020-11-02,27.85987981114636
2020-11-03,27.999642545901782
2020-11-04,28.13544123588433
2020-11-05,28.144986811431412
2020-11-06,28.15240731138284
2020-11-09,27.735325983793818
2020-11-10,27.67455221117949
2020-11-11,27.611009652000917
2020-11-12,27.407151495882573
2020-11-13,27.356362367698136
2020-11-16,27.35790116822394
2020-11-17,27.413581573321366
2020-11-18,27.616203966800835
2020-11-19,27.416417104240484
2020-11-20,27.43833681166613
2020-11-23,27.42668971173005
2020-11-24,27.420408403230645
2020-11-25,27.343494660308686
2020-11-27,27.32386340869936
2020-11-30,27.241827183473255
2020-12-01,27.264551435034555
2020-12-02,27.163843960174162
2020-12-03,27.17258836436135
2020-12-04,27.091417628570735
2020-12-07,27.109900822674085
2020-12-08,26.99247667836722
2020-12-09,27.17988913533973
2020-12-10,27.201390342262876
2020-12-11,27.17830865196481
2020-12-14,27.122382884497565
2020-12-15,27.066166905242717
2020-12-16,26.9503920580271
2020-12-17,26.95506897627786
2020-12-18,27.52950568282665
2020-12-21,27.46515506832859
2020-12-22,27.491132350948142
2020-12-23,27.336637475390862
2020-12-24,26.798421712471665
2020-12-28,26.8037700890774
2020-12-29,26.758266447433275
2020-12-30,26.774206211179933
2020-12-31,26.801543174038468
2021-01-04,26.708693131784123
2021-01-05,26.489802176701197
2021-01-06,26.388943661044433
2021-01-07,26.517270651056204
2021-01-08,26.54601992999915
2021-01-11,26.653721123560324
2021-01-12,26.664960459503384
2021-01-13,26.71895037326965
2021-01-14,26.76962498929932
2021-01-15,26.76997329090951
2021-01-19,26.758959015381485
2021-01-20,26.25187116424193
2021-01-21,26.08490574491346
2021-01-22,26.14227684261552
2021-01-25,26.171310999717786
2021-01-26,26.15135572080559
2021-01-27,26.05108643640341
2021-01-28,25.73154002977998
2021-01-29,25.7272516584966
2021-02-01,26.352546930732956
2021-02-02,26.418648547156163
2021-02-03,24.671151923397446
2021-02-04,24.656327145115423
2021-02-05,24.7736046945149
2021-02-08,24.708089104924216
2021-02-09,24.701826395530126
2021-02-10,24.71766190068553
2021-02-11,24.848964973542014
2021-02-12,24.840362087319498
2021-02-16,24.832821223215895
2021-02-17,24.823157386363082
2021-02-18,24.84216740658476
2021-02-19,24.84679436697843
2021-02-22,24.940257643094867
2021-02-23,24.909731384203575
2021-02-24,24.953821030821956
2021-02-25,25.23864422624478
2021-02-26,25.226195560840228
2021-03-01,25.324471720467685
2021-03-02,25.373588336782746
2021-03-03,25.534987005183876
2021-03-04,25.57258724809656
2021-03-05,25.563431839486224
2021-03-08,25.75659537657373
2021-03-09,26.303955516627198
2021-03-10,26.26625451021055
2021-03-11,26.412383379119362
2021-03-12,26.42001614554848
2021-03-15,26.360473262797417
2021-03-16,26.458363891608055
2021-03-17,26.75756719174837
2021-03-18,26.903518750410857
2021-03-19,26.72571482044257
2021-03-22,26.71794190980155
2021-03-23,26.628335338538857
2021-03-24,26.653180356606306
2021-03-25,26.65876567721553
2021-03-26,26.58241552238202
2021-03-29,26.546933423574153
2021-03-30,26.548278785729597
2021-03-31,26.55859753692678
2021-04-01,26.626238604245458
2021-04-05,26.626873420603562
2021-04-06,26.567481842948098
2021-04-07,26.56451393725102
2021-04-08,26.581844705196858
2021-04-09,26.556636288220645
2021-04-12,26.550130348184886
2021-04-13,26.609775198264103
2021-04-14,26.67637444018721
2021-04-15,26.701702181271003
2021-04-16,26.668989799668736
2021-04-19,26.700186426165306
2021-04-20,26.679140482472345
2021-04-21,26.600926380066543
2021-04-22,26.66717275138653
2021-04-23,26.658384855260792
2021-04-26,27.002245613654356
2021-04-27,27.29598032822488
2021-04-28,27.205881433762485
2021-04-29,27.567862607132355
2021-04-30,27.693716931814116
2021-05-03,27.73837873145016
2021-05-04,27.802924740808127
2021-05-05,27.81991559146623
2021-05-06,27.761879870142433
2021-05-07,27.766624674006323
2021-05-10,27.92722700591913
2021-05-11,27.904941517646943
2021-05-12,27.71024380758222
2021-05-13,27.712391241464147
2021-05-14,27.870640591804168
2021-05-17,27.888513048032564
2021-05-18,27.78637306619908
2021-05-19,27.73639092577053
2021-05-20,27.792219370211452
2021-05-21,27.732634926303376
2021-05-24,27.7974798838672
2021-05-25,27.775883883499436
2021-05-26,27.785835770582022
2021-05-27,27.668139426258392
2021-05-28,27.664978441127197
2021-06-01,27.617349681171444
2021-06-02,27.50477535737792
2021-06-03,27.36752196263508
2021-06-04,27.43764080836569
2021-06-07,27.373107851189914
2021-06-08,27.336093734037267
2021-06-09,27.30109746376523
2021-06-10,27.365465547000976
2021-06-11,27.37572864604278
2021-06-14,27.368459902665876
2021-06-15,27.462940242778906
2021-06-16,27.58065443067415
2021-06-17,27.592711975985623
2021-06-18,27.5950846477542
2021-06-21,27.579239849696677
2021-06-22,27.54892032413617
2021-06-23,27.61270984905245
2021-06-24,27.60430160883983
2021-06-25,27.624820080151903
2021-06-28,27.333746370728356
2021-06-29,27.362312884280108
2021-06-30,27.416609694188665
2021-07-01,27.372342425298875
2021-07-02,27.178945818646106
2021-07-06,27.152524174023064
2021-07-07,27.151441152246516
2021-07-08,27.16037842980889
2021-07-09,27.11755909052145
2021-07-12,27.142426504869448
2021-07-13,27.193337508866627
2021-07-14,27.12151731663261
2021-07-15,27.14701379081095
2021-07-16,27.1489040551415
2021-07-19,27.048233289022825
2021-07-20,27.04807574805743
2021-07-21,27.06674801479363
2021-07-22,27.062763191255982
2021-07-23,27.149524404326034
2021-07-26,26.962776341384238
2021-07-27,30.576522156770125
2021-07-28,30.444854875138677
2021-07-29,30.377979754439544
2021-07-30,30.325225569182223
2021-08-02,30.27659183567566
2021-08-03,30.260786590255503
2021-08-04,29.97753082474919
2021-08-05,29.9770170795832
2021-08-06,29.998449985598278
2021-08-09,29.908075255521165
2021-08-10,29.881977705343502
2021-08-11,29.857479995895126
2021-08-12,29.83208951848287
2021-08-13,29.618241388898355
2021-08-16,29.65457887924155
2021-08-17,29.64508506940298
2021-08-18,29.57165898886502
2021-08-19,29.5604596540689
2021-08-20,29.577159994630062
2021-08-23,29.653374007344485
2021-08-24,29.50838558705344
2021-08-25,29.49785967666181
2021-08-26,29.496151792556088
2021-08-27,29.51509854303284
2021-08-30,29.432271131451785
2021-08-31,29.437844851224526
2021-09-01,29.445733022316663
2021-09-02,29.476428282557357
2021-09-03,29.39042862879157
2021-09-07,29.391762618509272
2021-09-08,29.398579640903993
2021-09-09,29.415513804414527
2021-09-10,29.243874253622344
2021-09-13,29.233062756283154
2021-09-14,29.25886705826298
2021-09-15,29.15451654345156
2021-09-16,29.174931576657933
2021-09-17,29.1734408888602
2021-09-20,29.257987207905927
2021-09-21,29.208838039555527
2021-09-22,28.96392118529888
2021-09-23,28.80573785514382
2021-09-24,28.833202933330696
2021-09-27,28.835649661889505
2021-09-28,28.888637877972833
2021-09-29,28.907982466942734
2021-09-30,28.913647743165487
2021-10-01,28.913766435392958
2021-10-04,28.92548573714829
2021-10-05,29.013443391594283
2021-10-06,28.994957030360048
2021-10-07,28.912904888411614
2021-10-08,28.906908955184882
2021-10-11,28.926254391721027
2021-10-12,28.87171963282016
2021-10-13,28.86640315428819
2021-10-14,28.81980529515785
2021-10-15,28.826080999405963
2021-10-18,28.814474641996387
2021-10-19,28.756315707785124
2021-10-20,28.84703149522401
2021-10-21,28.98694014114275
2021-10-22,28.988817732251544
2021-10-25,28.838225858905904
2021-10-26,28.540751483839873
2021-10-27,27.52093110713911
2021-10-28,27.52362001494746
2021-10-29,27.532490647697497
2021-11-01,27.066442275792127
2021-11-02,27.0181175301609
2021-11-03,27.028565987695988
2021-11-04,26.928243572818126
2021-11-05,26.91542775152133
2021-11-08,27.01016004499107
2021-11-09,27.152652204848497
2021-11-10,27.15608696012302
2021-11-11,27.256660161786208
2021-11-12,27.24069759748163
2021-11-15,27.22989722805957
2021-11-16,27.37301893348877
2021-11-17,27.502351182246468
2021-11-18,27.53536175780926
2021-11-19,27.409123863519785
2021-11-22,27.42626300319534
2021-11-23,27.456873926476092
2021-11-24,27.42805643493093
2021-11-26,27.480547480160958
2021-11-29,27.60553644672345
2021-11-30,27.633650826452463
2021-12-01,27.5805055537
2021-12-02,27.556517140001137
2021-12-03,27.797269756368376
2021-12-06,27.774915004728747
2021-12-07,27.877184805122972
2021-12-08,27.87214906909564
2021-12-09,27.987684026189637
2021-12-10,27.973609324482887
2021-12-13,28.080824478222166
2021-12-14,28.031128461906
2021-12-15,28.00278833157286
2021-12-16,28.14808900757296
2021-12-17,28.073792130712818
2021-12-20,27.980172251693077
2021-12-21,28.021631226276963
2021-12-22,27.856006274341098
2021-12-23,27.87667868124133
2021-12-27,27.847588194180272
2021-12-28,27.842851502463994
2021-12-29,27.77096987597308
2021-12-30,27.78370446130326
2021-12-31,27.762474500865117
2022-01-03,27.900090570502453
2022-01-04,28.004917158014
2022-01-05,28.093997390047303
2022-01-06,27.98959428529427
2022-01-07,28.03988847308103
2022-01-10,27.937056016974985
2022-01-11,27.76117490483337
2022-01-12,27.726128285885665
2022-01-13,27.89274728451496
2022-01-14,27.89524613408221
2022-01-18,28.121527367281995
2022-01-19,28.126543412491777
2022-01-20,28.1482339557312
2022-01-21,28.56416791316951
2022-01-24,28.50664790638892
2022-01-25,28.562397063307287
2022-01-26,28.31890200168998
2022-01-27,28.43952368947414
2022-01-28,28.719738764453112
2022-01-31,29.150160992513317
2022-02-01,29.085949134356653
2022-02-02,28.375333092013925
2022-02-03,26.20503631506889
2022-02-04,24.517322316746835
2022-02-07,24.466859439349054
2022-02-08,24.430644206082366
2022-02-09,24.448214388940293
2022-02-10,24.48959282485818
2022-02-11,24.66592721269482
2022-02-14,24.672619949782522
2022-02-15,24.705429895679146
2022-02-16,24.64191722215105
2022-02-17,24.80016404436154
2022-02-18,24.789112233067087
2022-02-22,24.582411605640644
2022-02-23,24.64318233363993
2022-02-24,24.818963245914084
2022-02-25,24.541862924772182
2022-02-28,24.569721589396245
2022-03-01,24.420558793092564
2022-03-02,24.32363217896637
2022-03-03,24.282259366469933
2022-03-04,24.360306378175817
2022-03-07,24.515024887795832
2022-03-08,24.00975286195768
2022-03-09,23.86872413300248
2022-03-10,23.777400685970054
2022-03-11,23.086454751993244
2022-03-14,22.972104943567526
2022-03-15,21.685306241184556
2022-03-16,21.74516303445665
2022-03-17,21.45049699130526
2022-03-18,21.029048541520375
2022-03-21,21.104688898260434
2022-03-22,21.157669821905227
2022-03-23,20.4400135074522
2022-03-24,20.51520825962458
2022-03-25,20.630801732197792
2022-03-28,20.712798575998388
2022-03-29,20.689657809850207
2022-03-30,20.760460914585217
2022-03-31,20.63760052585548
2022-04-01,20.64122543980845
2022-04-04,20.758320556449174
2022-04-05,20.77515721112878
2022-04-06,20.92615727855542
2022-04-07,20.91123295300285
2022-04-08,20.95266124481871
2022-04-11,20.797564837523574
2022-04-12,20.63568034176934
2022-04-13,20.678791045052318
2022-04-14,20.810327856518114
2022-04-18,20.87046546426904
2022-04-19,20.938451160584417
2022-04-20,21.41538573586428
2022-04-21,21.324764432837156
2022-04-22,21.216274322073104
2022-04-25,21.162461764222655
2022-04-26,21.480177918481264
2022-04-27,21.315451916817167
2022-04-28,22.22939542627705
2022-04-29,22.38430727156924
2022-05-02,22.30280031089408
2022-05-03,22.196983931853012
2022-05-04,22.255336738507133
2022-05-05,22.754133770193892
2022-05-06,22.79598755910059
2022-05-09,23.115684577921225
2022-05-10,23.11093722897262
2022-05-11,23.26340916508143
2022-05-12,23.296331125745546
2022-05-13,23.572151736857187
2022-05-16,23.587244005090827
2022-05-17,23.669225192475633
2022-05-18,24.117413789352316
2022-05-19,24.039937634728627
2022-05-20,24.01604288943368
2022-05-23,23.925868342490272
2022-05-24,24.1209177947413
2022-05-25,24.123143800427563
2022-05-26,24.238167921094174
2022-05-27,24.24463796660733
2022-05-31,24.218487831485852
2022-06-01,24.239766742654865
2022-06-02,24.447554427476618
2022-06-03,24.691253929826868
2022-06-06,24.679916605518862
2022-06-07,24.646241723187675
2022-06-08,24.707866913542052
2022-06-09,24.69376806964725
2022-06-10,24.74447679840375
2022-06-13,25.12510585350419
2022-06-14,25.06751132002608
2022-06-15,25.314932373307332
2022-06-16,25.56246886720042
2022-06-17,25.650894797240827
2022-06-21,25.386697215231308
2022-06-22,25.401000905386834
2022-06-23,25.386366804620373
2022-06-24,25.473706035899443
2022-06-27,25.44906337152535
2022-06-28,25.727029157311414
2022-06-29,25.815043718118527
2022-06-30,25.72359771034396
2022-07-01,25.625864157360123
2022-07-05,25.73942251892587
2022-07-06,25.477970684106474
2022-07-07,25.442231328354985
2022-07-08,25.433987680362236
2022-07-11,25.61510341774715
2022-07-12,25.534358630577785
2022-07-13,25.185767746811486
2022-07-14,25.170573022347728
2022-07-15,25.259861843194216
2022-07-18,24.939793901746533
2022-07-19,25.027492812237796
2022-07-20,24.762168489867555
2022-07-21,24.81517432546324
2022-07-22,24.6838885149526
2022-07-25,24.604399370586243
2022-07-26,24.679132471227682
2022-07-27,24.589530431114206
2022-07-28,24.48561019441064
2022-07-29,24.40612199537246
2022-08-01,24.319713441998033
2022-08-02,25.70856165870867
2022-08-03,25.75042833549316
2022-08-04,25.736758579049773
2022-08-05,25.80689104117158
2022-08-08,25.772380849949037
2022-08-09,25.787734962635824
2022-08-10,25.951544317312525
2022-08-11,25.904740699114576
2022-08-12,25.739601388245017
2022-08-15,25.743165203191612
2022-08-16,25.756444630394842
2022-08-17,25.655570989099772
2022-08-18,25.681330573654417
2022-08-19,25.75696050982218
2022-08-22,25.85519415026647
2022-08-23,25.851389996327423
2022-08-24,25.849709097225183
2022-08-25,25.879647405861125
2022-08-26,25.768633553058926
2022-08-29,25.775193504775707
2022-08-30,25.795983655929764
2022-08-31,25.72091320566058
2022-09-01,25.603839473883717
2022-09-02,25.759085713339395
2022-09-06,25.475078843984623
2022-09-07,25.522015610397315
2022-09-08,24.90002873244969
2022-09-09,24.858672028078107
2022-09-12,24.81901347798832
2022-09-13,25.281367045865128
2022-09-14,25.225648963425527
2022-09-15,25.139782823240512
2022-09-16,25.05143956686948
2022-09-19,25.00169425784541
2022-09-20,25.05193018027421
2022-09-21,25.113853213166973
2022-09-22,25.070829239176526
2022-09-23,24.95292422315778
2022-09-26,24.955046075068392
2022-09-27,24.89104213562418
2022-09-28,25.0050762511803
2022-09-29,25.13424322212068
2022-09-30,25.089201411781044
2022-10-03,24.982454838688255
2022-10-04,24.898020128299496
2022-10-05,24.837024424509703
2022-10-06,24.82250256135069
2022-10-07,25.05460998572919
2022-10-10,25.094682817163896
2022-10-11,25.16998353822074
2022-10-12,25.089751726614338
2022-10-13,25.12658648287335
2022-10-14,25.309468885916303
2022-10-17,25.605088167674285
2022-10-18,25.65880150740474
2022-10-19,25.72011547584312
2022-10-20,25.744225616353916
2022-10-21,25.85141201052125
2022-10-24,25.901409251315325
2022-10-25,26.033177021147292
2022-10-26,25.199194745702144
2022-10-27,24.90589754370344
2022-10-28,23.932887563913322
2022-10-31,23.93374203083466
2022-11-01,25.05922585412171
2022-11-02,25.220876709638404
2022-11-03,24.91913511588168
2022-11-04,24.736881514360935
2022-11-07,24.67444507233035
2022-11-08,24.676910118840045
2022-11-09,24.93928718490813
2022-11-10,25.780598467835418
2022-11-11,25.928750867004364
2022-11-14,25.925981609015516
2022-11-15,25.90919933906033
2022-11-16,25.80237454612905
2022-11-17,25.80865563468039
2022-11-18,25.787316578433213
2022-11-21,25.826462208124436
2022-11-22,25.84738461669521
2022-11-23,25.915858692396696
2022-11-25,25.956798165026918
2022-11-28,25.96751703907954
2022-11-29,25.993300149960245
2022-11-30,26.448791958277468
2022-12-01,26.462624036673013
2022-12-02,26.52618787480827
2022-12-05,26.596504272275304
2022-12-06,26.683149873036754
2022-12-07,26.45673652600352
2022-12-08,26.078999208490313
2022-12-09,25.98096491738383
2022-12-12,25.969651688368927
2022-12-13,25.988178136254177
2022-12-14,26.08070460463319
2022-12-15,26.087693605060952
2022-12-16,26.11735889067598
2022-12-19,26.152902925790467
2022-12-20,26.163994229138822
2022-12-21,26.153774872900474
2022-12-22,26.290075888658706
2022-12-23,26.285496116205522
2022-12-27,26.5174110399784
2022-12-28,26.48252607080034
2022-12-29,26.72553611807563
2022-12-30,26.743785072622796
2023-01-03,26.82722651171716
2023-01-04,26.824992074348195
2023-01-05,26.83406270869392
2023-01-06,26.867673228156626
2023-01-09,26.847159253530197
2023-01-10,26.843664164673143
2023-01-11,26.84899551014376
2023-01-12,26.792226677718162
2023-01-13,26.78073951110652
2023-01-17,26.770342685499802
2023-01-18,26.764029947459495
2023-01-19,26.645846189750742
2023-01-20,26.80691449439191
2023-01-23,27.055127176009204
2023-01-24,26.981777696109077
2023-01-25,26.749624298755464
2023-01-26,26.874137853801322
2023-01-27,27.10227358768282
2023-01-30,27.400852481064486
2023-01-31,27.408450287931213
2023-02-01,27.495229356049073
2023-02-02,27.89545521572443
2023-02-03,30.19241310062902
2023-02-06,30.12637862325496
2023-02-07,29.869347079614545
2023-02-08,28.582344911432646
2023-02-09,28.232762428209494
2023-02-10,28.309713098641062
2023-02-13,28.243042128333208
2023-02-14,28.293832491519616
2023-02-15,28.120960759752144
2023-02-16,28.21176983712173
2023-02-17,28.211942148408017
2023-02-21,28.23558164606385
2023-02-22,28.128604668391
2023-02-23,27.79286419145517
2023-02-24,27.85974644437368
2023-02-27,27.645451660133023
2023-02-28,27.667616232256727
2023-03-01,27.586925900763134
2023-03-02,27.552571740928798
2023-03-03,27.504202122540505
2023-03-06,27.40496992710935
2023-03-07,27.52192715919669
2023-03-08,27.498740791020065
2023-03-09,27.168178508793975
2023-03-10,27.164941738115633
2023-03-13,27.11283387735621
2023-03-14,27.31791173094223
2023-03-15,27.255605051782226
2023-03-16,27.3273028720533
2023-03-17,27.18778543864854
2023-03-20,27.06120782854318
2023-03-21,27.06808316604606
2023-03-22,27.062972367018126
2023-03-23,27.01660663350478
2023-03-24,26.97819483973221
2023-03-27,26.81512830346006
2023-03-28,26.837877990329588
2023-03-29,26.79667498514895
2023-03-30,26.741832579702095
2023-03-31,26.6489714237372
2023-04-03,26.700748084464305
2023-04-04,26.833695287776134
2023-04-05,26.807055779330906
2023-04-06,26.574862654177245
2023-04-10,26.43887530371344
2023-04-11,26.440339150237097
2023-04-12,26.568503185762655
2023-04-13,26.580214019239094
2023-04-14,26.532063329748052
2023-04-17,26.25790287020373
2023-04-18,26.192508672937237
2023-04-19,26.193057757157938
2023-04-20,26.138695743626542
2023-04-21,26.13703610871527
2023-04-24,26.08595130504701
2023-04-25,26.137782227219027
2023-04-26,26.046154156131596
2023-04-27,26.210692370046996
2023-04-28,26.338196106520662
2023-05-01,26.329113600324572
2023-05-02,26.266091258270144
2023-05-03,26.255024167261197
2023-05-04,26.22206471971857
2023-05-05,26.28123046581053
2023-05-08,26.182778748160775
2023-05-09,26.18905161999411
2023-05-10,25.861806605271624
2023-05-11,25.551089957796485
2023-05-12,25.47536464994768
2023-05-15,25.387380868628146
2023-05-16,25.26335481103254
2023-05-17,25.307582920844826
2023-05-18,25.409902979833216
2023-05-19,25.393913538374893
2023-05-22,25.23857814952396
2023-05-23,25.165783313794048
2023-05-24,25.042177658378552
2023-05-25,25.229432041216615
2023-05-26,25.26337805430942
2023-05-30,25.243752538840713
2023-05-31,25.254265752568394
2023-06-01,25.28917795190808
2023-06-02,25.319492030810185
2023-06-05,25.282645581782962
2023-06-06,25.258898989975492
2023-06-07,25.261742247618468
2023-06-08,25.24489368501335
2023-06-09,25.25088532046064
2023-06-12,25.258657626130134
2023-06-13,25.290226137273628
2023-06-14,25.270843560592283
2023-06-15,25.272540045701525
2023-06-16,25.26656591067361
2023-06-20,25.25930842813367
2023-06-21,25.259804585971136
2023-06-22,25.355050441658147
2023-06-23,25.356379830155028
2023-06-26,25.37759973142787
2023-06-27,25.353706626241685
2023-06-28,25.24995806048503
2023-06-29,25.29998075716324
2023-06-30,25.30804277704806
2023-07-03,25.31730880134642
2023-07-05,25.294049147512464
2023-07-06,25.32705428299444
2023-07-07,25.340915294369758
2023-07-10,25.261524444703593
2023-07-11,25.285846928952477
2023-07-12,25.31306002418624
2023-07-13,25.167844126169918
2023-07-14,25.173586096558576
2023-07-17,25.21486432878944
2023-07-18,25.207799083358918
2023-07-19,25.07365935653862
2023-07-20,25.401167945085394
2023-07-21,25.38748874101166
2023-07-24,25.30328820152826
2023-07-25,25.307815486790957
2023-07-26,24.577897699446247
2023-07-27,24.5482620770231
2023-07-28,24.612875159336976
2023-07-31,24.78088259492438
2023-08-01,24.79599140307293
2023-08-02,25.109643485378278
2023-08-03,25.10865696905353
2023-08-04,24.686838970367567
2023-08-07,24.661878823164482
2023-08-08,24.63569987130904
2023-08-09,24.682942265537072
2023-08-10,24.71098061200278
2023-08-11,24.722874287505356
2023-08-14,24.745664070350184
2023-08-15,24.756497454511404
2023-08-16,24.78378270586897
2023-08-17,24.72944581698794
2023-08-18,24.659067052134205
2023-08-21,24.737100422840545
2023-08-22,24.6886435307956
2023-08-23,24.64920577985976
2023-08-24,24.63233376301635
2023-08-25,24.63644951822692
2023-08-28,24.63643884312132
2023-08-29,24.697935234291435
2023-08-30,24.6596676450501
2023-08-31,24.646902929641513
2023-09-01,24.65926026653766
2023-09-05,24.67068019406107
2023-09-06,24.69604179199497
2023-09-07,24.694624511102656
2023-09-08,24.664653259364293
2023-09-11,24.660710604306175
2023-09-12,24.681998492497108
2023-09-13,24.74421699901399
2023-09-14,24.787069565683947
2023-09-15,24.722805253625296
2023-09-18,24.748873837446432
2023-09-19,24.746080882205703
2023-09-20,24.720884189859436
2023-09-21,24.70850889061051
2023-09-22,24.70370293923316
2023-09-25,24.724658158365905
2023-09-26,24.737746740656583
2023-09-27,24.691970499002068
2023-09-28,24.689543353582412
2023-09-29,24.624009236305064
2023-10-02,24.629441815351726
2023-10-03,24.639209815683074
2023-10-04,24.748708320362553
2023-10-05,24.70949200762084
2023-10-06,24.713368845627926
2023-10-09,24.706522012241106
2023-10-10,24.674770568103565
2023-10-11,24.68897975913036
2023-10-12,24.65666062973729
2023-10-13,24.761558202762615
2023-10-16,24.773516008449942
2023-10-17,24.802708151061093
2023-10-18,24.89912097983378
2023-10-19,24.844162255759816
2023-10-20,24.871045688004177
2023-10-23,24.88884135310046
2023-10-24,24.847606410305627
2023-10-25,24.216531004004963
2023-10-26,24.17990159792061
2023-10-27,23.82421715165856
2023-10-30,24.431343663391896
2023-10-31,24.44945863427105
2023-11-01,24.571608404307476
2023-11-02,24.787236209250263
2023-11-03,24.833681261044166
2023-11-06,24.816336140565667
2023-11-07,24.861328978695784
2023-11-08,24.86049923051483
2023-11-09,24.85067020660539
2023-11-10,24.878008186291257
2023-11-13,24.87041495706378
2023-11-14,24.912145815828275
2023-11-15,24.797449758136672
2023-11-16,24.739661112824244
2023-11-17,24.646702012856416
2023-11-20,24.669464058518532
2023-11-21,24.65248875965829
2023-11-22,24.673955862655344
2023-11-24,24.64173121685555
2023-11-27,24.625564929686295
2023-11-28,24.614121812716977
2023-11-29,24.56530666012743
2023-11-30,24.501007496489922
2023-12-01,24.479292984013725
2023-12-04,24.4527450298219
2023-12-05,24.48378920396415
2023-12-06,24.43223438876008
2023-12-07,24.12040346289244
2023-12-08,23.914670164209817
2023-12-11,23.928798628003225
2023-12-12,23.806780162759445
2023-12-13,23.834680286172166
2023-12-14,23.783009343578506
2023-12-15,23.819592081379565
2023-12-18,23.793072103524086
2023-12-19,23.7135818019018
2023-12-20,23.702979746868802
2023-12-21,23.740683030126853
2023-12-22,23.668151151495604
2023-12-26,23.74780498912558
2023-12-27,23.711787745273746
2023-12-28,23.691274235320105
2023-12-29,23.708197449673634
2024-01-02,23.74491126197972
2024-01-03,23.71478832203748
2024-01-04,23.685921234423827
2024-01-05,23.609080041260576
2024-01-08,23.654010523149125
2024-01-09,23.65158199366023
2024-01-10,23.65546456446606
2024-01-11,23.62379421870524
2024-01-12,23.686944512831452
2024-01-16,23.695074138234574
2024-01-17,23.728907936055894
2024-01-18,23.62248852234969
2024-01-19,23.621642544866347
2024-01-22,23.562499991066638
2024-01-23,23.5558409628766
2024-01-24,23.566887473112608
2024-01-25,23.116539850351902
2024-01-26,23.130824790370344
2024-01-29,23.081615133055763
2024-01-30,23.17605380957912
2024-01-31,22.518296493242342
2024-02-01,22.490064155411936
2024-02-02,21.421906476253863
2024-02-05,21.412538752135998
2024-02-06,22.366425805559036
2024-02-07,22.4279002496188
2024-02-08,23.29677036728844
2024-02-09,23.42951966363677
2024-02-12,23.44740857880025
2024-02-13,23.402773504218896
2024-02-14,23.410454611563495
2024-02-15,23.192217105371
2024-02-16,23.165926088889673
2024-02-20,23.04041013249405
2024-02-21,23.023360223967355
2024-02-22,22.913328963016376
2024-02-23,22.90049297043493
2024-02-26,22.496606998701303
2024-02-27,22.36168864330902
2024-02-28,22.149198214410852
2024-02-29,22.149614642301902
2024-03-01,22.07913574509426
2024-03-04,21.912455693124762
2024-03-05,21.92515366296071
2024-03-06,21.88240719530627
2024-03-07,21.897569052544355
2024-03-08,21.658075901419807
2024-03-11,21.429455103819876
2024-03-12,21.431822251441478
2024-03-13,21.704851612013947
2024-03-14,21.582763997050975
2024-03-15,21.559496812332203
2024-03-18,21.109050964043227
2024-03-19,20.928687904586383
2024-03-20,20.938828375024876
2024-03-21,20.833066233198508
2024-03-22,20.784042826582482
2024-03-25,20.76129024800855
2024-03-26,20.71469752999366
2024-03-27,20.689922799754935
2024-03-28,20.6986987860898
2024-04-01,20.584604986469028
2024-04-02,20.57374777283487
2024-04-03,20.56819140635859
2024-04-04,20.489765410061924
2024-04-05,20.493748707413438
2024-04-08,20.351044091648216
2024-04-09,20.25695076211492
2024-04-10,20.134285993632197
2024-04-11,20.14618592732773
2024-04-12,20.129749044726438
2024-04-15,20.125537608912282
2024-04-16,20.125513647625315
2024-04-17,20.06064543725222
2024-04-18,19.98324145021195
2024-04-19,20.166683493250574
2024-04-22,20.13223852802948
2024-04-23,19.57380598567334
2024-04-24,19.4691633094094
2024-04-25,19.49779650537421
2024-04-26,18.767742373137676
