activo,direccion,fecha_entrada,precio_entrada,fecha_salida,precio_salida,dias,s_entrada,regimen_entrada,pnl_bruto,costos,pnl_neto,motivo_salida
GOOGL,corto,2016-07-19,37.14008092010584,2016-07-29,39.50954053403182,9,-0.6666666666666666,1,-5819.49889328776,235.31862740012826,-6054.817520687889,SL
TSLA,largo,2016-08-26,14.809332847595217,2016-09-01,13.820636271575209,5,0.6666666666666666,1,-4649.198323991717,168.28520457282343,-4817.48352856454,SL
GOOGL,largo,2016-08-25,39.226728501740986,2016-09-13,39.32628414321109,13,0.6666666666666666,1,231.29327312097303,228.12347873851868,3.1697943824543415,time-stop
NVDA,largo,2016-09-12,1.440814355226086,2016-09-19,1.5699547337912454,6,0.6666666666666666,1,7678.61681551396,223.7733698342591,7454.843445679701,TP
AMZN,largo,2016-08-22,37.875,2016-09-22,39.7135009765625,23,0.6666666666666666,1,3612.045311315509,190.5446235391649,3421.500687776344,TP
AMZN,largo,2016-10-17,41.07500076293945,2016-10-20,40.27840613805262,4,0.6666666666666666,1,-1461.3182144719467,186.54911105296424,-1647.867325524911,SL
META,largo,2016-11-03,120.8426062266032,2016-11-03,118.5478497725954,1,0.6666666666666666,1,-1660.0176744379714,216.46762740136901,-1876.4853018393405,SL
GOOGL,largo,2016-11-02,39.957775587332776,2016-11-04,38.20148385156056,3,0.6666666666666666,1,-4104.880167980926,228.34645540375087,-4333.226623384677,SL
AMZN,largo,2016-10-31,39.05149841308594,2016-11-04,37.992171819284756,5,0.6666666666666666,1,-2042.1650869766745,185.65555519158028,-2227.820642168255,SL
AMZN,largo,2016-11-07,38.582000732421875,2016-11-10,37.53951673763895,4,0.6666666666666666,1,-2036.6072480854345,185.8897054902382,-2222.4969535756727,SL
META,largo,2016-11-04,118.4554779122142,2016-11-10,115.68921330127267,5,1.0,1,-3029.6375371500035,320.54667818967823,-3350.184215339682,SL
TSLA,corto,2016-10-04,14.206666946411133,2016-11-14,12.002848384925485,30,-0.6666666666666666,1,10870.688605947122,161.6032988485273,10709.085307098594,TP
META,largo,2016-11-11,118.39603295174572,2016-11-14,114.91522895229699,2,0.6666666666666666,1,-2551.0937229434785,213.74332475689715,-2764.8370477003755,SL
NFLX,largo,2016-11-16,11.29599952697754,2016-12-06,12.373421866808654,14,0.6666666666666666,1,5407.371044294487,148.49021960602096,5258.8808246884655,TP
TSLA,corto,2016-12-14,13.249333381652832,2016-12-21,14.114472548680707,6,-0.6666666666666666,1,-4650.08082963599,183.84890291648244,-4833.929732552472,SL
AMZN,largo,2016-11-11,36.7864990234375,2016-12-22,38.40599822998047,29,0.6666666666666666,1,3284.2501622675773,190.60751180683758,3093.64265046074,time-stop
META,corto,2017-01-09,122.3779118088452,2017-01-11,124.86797635668499,3,-0.6666666666666666,1,-1799.4245253683912,223.33774206150107,-2022.7622674298923,SL
META,corto,2017-01-12,124.4183570708104,2017-01-13,126.81339293951648,2,-0.6666666666666666,1,-1700.0102443375945,222.90717766533808,-1922.9174220029327,SL
AMZN,corto,2017-01-06,39.11800003051758,2017-01-19,40.5,9,-0.6666666666666666,1,-2706.3781656368083,194.89546095554775,-2901.273626592356,time-stop
META,corto,2017-01-17,126.82530689394882,2017-01-25,129.22977112939677,7,-1.0,1,-2500.2830576284323,332.82371388767336,-2833.1067715161057,SL
GOOGL,largo,2017-02-02,40.36588960454157,2017-02-17,41.93082490692903,12,0.6666666666666666,1,3671.5930427217245,241.35186609487613,3430.2411766268483,TP
NVDA,largo,2017-02-14,2.653268863237418,2017-02-23,2.5372293904509124,7,0.6666666666666666,1,-3240.401146039876,181.18076640087025,-3421.5819124407462,SL
AMZN,largo,2017-03-22,42.02149963378906,2017-03-28,42.6044039970669,5,0.6666666666666666,1,1091.7771865299728,198.1299094548334,893.6472770751394,TP
NVDA,largo,2017-02-24,2.387978659180872,2017-03-30,2.6477599822981066,25,0.6666666666666666,1,7894.564335996736,191.29051603567308,7703.273819961063,time-stop
GOOGL,largo,2017-03-23,41.672954643949986,2017-04-20,42.69518097293366,20,0.6666666666666666,1,2371.1079884132196,244.6204361215345,2126.487552291685,TP
NFLX,largo,2017-03-03,13.968999862670898,2017-04-25,15.228688253838483,37,0.6666666666666666,1,5325.683203300978,154.3016890800136,5171.381514220964,TP
TSLA,largo,2017-05-05,19.86666679382324,2017-05-09,21.08600504823471,3,0.6666666666666666,1,4273.978162188432,179.43218842574714,4094.545973762685,TP
NVDA,largo,2017-04-05,2.4605507276887484,2017-05-10,2.8116004404431463,25,1.0,1,15556.65319593878,292.0420681862668,15264.611127752512,TP
META,largo,2017-05-18,143.3470745040103,2017-05-18,146.6290298290425,1,0.6666666666666666,1,2055.762487704458,227.0452895381485,1828.7171981663096,TP
NFLX,largo,2017-06-12,15.529999732971191,2017-06-12,15.058675716919998,1,0.6666666666666666,1,-1887.1175756817756,153.09114614489948,-2040.2087218266752,SL
NFLX,largo,2017-06-13,15.437999725341797,2017-06-15,14.902532059547196,3,1.0,1,-3228.415586993113,228.659571784416,-3457.075158777529,SL
GOOGL,largo,2017-06-13,48.14387792914832,2017-06-23,48.31524801979983,9,0.6666666666666666,1,357.71425564678793,251.68339110392566,106.03086454286228,time-stop
TSLA,largo,2017-07-05,23.14666748046875,2017-07-05,22.251948173412195,1,0.6666666666666666,1,-2685.19628717484,170.31066787543477,-2855.506955050275,SL
NFLX,largo,2017-06-16,15.145000457763672,2017-07-05,14.565293645735359,13,0.6666666666666666,1,-2370.0963314525216,151.8359315433562,-2521.932262995878,SL
META,largo,2017-06-12,146.76432602659534,2017-07-07,147.83406994135484,19,0.6666666666666666,1,658.7541167417658,226.76911671546515,431.9850000263006,time-stop
GOOGL,largo,2017-06-28,47.08495227495686,2017-07-11,47.07802152262868,9,0.6666666666666666,1,-14.708567566267448,249.79295117632893,-264.5015187425964,time-stop
NFLX,largo,2017-07-06,14.61299991607666,2017-07-18,17.61199951171875,9,0.6666666666666666,1,12569.245337228436,168.82459920492505,12400.420738023511,TP
AMZN,largo,2017-06-12,48.349998474121094,2017-07-19,51.37287278698861,27,0.6666666666666666,1,5254.2468047539005,216.66819533902935,5037.578609414872,TP
NVDA,largo,2017-07-05,3.494499586160629,2017-08-01,3.9926932279115017,20,0.6666666666666666,1,9811.860835220039,184.32414572763508,9627.536689492405,time-stop
TSLA,largo,2017-07-06,21.15066719055176,2017-08-07,23.823333740234375,23,1.0,1,13137.280292399038,276.3326649224706,12860.947627476568,señal
AMZN,largo,2017-08-01,49.80550003051758,2017-08-10,48.73025245137507,8,0.6666666666666666,1,-1833.5596668420767,210.0343969581574,-2043.5940638002342,SL
NFLX,largo,2017-08-10,17.402999877929688,2017-08-10,16.910551627816645,1,0.6666666666666666,1,-1769.3604233646329,154.1102034716713,-1923.4706268363043,SL
AMZN,largo,2017-08-11,48.0,2017-08-14,49.116820576019464,2,0.6666666666666666,1,1975.8464282442583,214.7703122348081,1761.0761160094503,TP
NVDA,largo,2017-08-14,3.9321107292707103,2017-08-15,4.152271840625495,2,0.6666666666666666,1,3819.54962449889,175.31877121223334,3644.2308532866564,TP
GOOGL,largo,2017-07-28,46.952714861831275,2017-08-21,45.85218660782026,17,1.0,1,-3830.197052132513,403.7391347484544,-4233.936186880967,time-stop
TSLA,corto,2017-08-07,23.823333740234375,2017-08-21,22.309850427035713,11,-1.0,1,6723.578779366202,256.18063921374005,6467.398140152462,TP
NFLX,largo,2017-08-11,16.986000061035156,2017-08-21,16.46902504478194,7,0.6666666666666666,1,-1896.2745210604917,153.3921120825666,-2049.6666331430583,SL
AMZN,largo,2017-08-18,48.06999969482422,2017-08-29,46.868701972396934,8,0.6666666666666666,1,-2134.5973826860572,210.8718558179168,-2345.469238503974,SL
GOOGL,largo,2017-08-22,45.911130772753545,2017-09-08,47.03741377172072,13,0.6666666666666666,1,2683.6065906424774,276.83686844127476,2406.7697222012025,time-stop
META,largo,2017-08-11,166.3566715761673,2017-09-11,170.7644822986186,21,0.6666666666666666,1,2443.2358947376924,233.5815203642073,2209.654374373485,time-stop
TSLA,largo,2017-08-22,22.742000579833984,2017-09-11,24.036053252241697,14,0.6666666666666666,1,4074.2819690473116,184.09894100421758,3890.183028043094,TP
TSLA,largo,2017-09-25,23.543333053588867,2017-09-28,22.658666610717773,4,0.6666666666666666,1,-2607.8673892987863,170.2459288693963,-2778.1133181681826,SL
META,largo,2017-09-26,162.93941807528518,2017-09-29,169.8657314032917,4,0.6666666666666666,1,3943.538308829113,236.8557763329809,3706.682532496132,TP
AMZN,largo,2017-09-25,47.46549987792969,2017-10-03,47.900001525878906,7,0.6666666666666666,1,794.1255221801257,217.87080370613413,576.2547184739916,time-stop
AMZN,corto,2017-10-06,48.78200149536133,2017-10-13,50.349998474121094,6,-0.6666666666666666,1,-2820.4203041773,222.89097914013655,-3043.3112833174364,time-stop
TSLA,largo,2017-09-29,22.790666580200195,2017-10-25,21.947763972773878,19,0.6666666666666666,1,-2581.4053571130353,171.26537407877834,-2752.6707311918135,SL
AMZN,largo,2017-10-24,48.45000076293945,2017-10-27,52.90700149536133,4,0.6666666666666666,1,8019.744258261926,227.97203929725208,7791.772218964674,TP
GOOGL,largo,2017-10-24,48.86006110961652,2017-10-27,51.063595223313314,4,0.6666666666666666,1,5182.637756436743,293.77132787125345,4888.8664285654895,TP
NFLX,largo,2017-11-10,19.160999298095703,2017-11-16,19.759662331838364,5,0.6666666666666666,0,2918.2956702379597,237.1576160451913,2681.1380541927683,TP
META,largo,2017-11-30,175.17224371637562,2017-12-01,171.03860978810573,2,0.6666666666666666,0,-3164.9664565164567,331.35062188557134,-3496.317078402028,SL
NVDA,largo,2017-11-30,4.913328114727049,2017-12-04,4.667681537491721,3,1.0,0,-6896.33841539672,336.2243312451327,-7232.562746641853,SL
META,largo,2017-12-04,174.61757348138207,2017-12-04,171.6304938633462,1,0.6666666666666666,0,-2288.4327866679523,331.5803104342363,-2620.0130971021886,SL
NFLX,largo,2017-11-30,19.0310001373291,2017-12-04,18.043278503556515,3,1.0,0,-7405.346104044118,347.45096126539363,-7752.797065309512,SL
GOOGL,largo,2017-12-04,50.90559331528966,2017-12-04,50.05755137443581,1,0.6666666666666666,0,-2807.9272857262404,417.87020660436036,-3225.7974923306006,SL
NVDA,largo,2017-12-05,4.498951060295475,2017-12-05,4.752528995790961,1,1.0,0,7557.438235104724,344.65483447208885,7212.783400632636,TP
TSLA,corto,2017-11-22,21.118000030517575,2017-12-12,22.030000686645508,14,-0.6666666666666666,0,-4439.067926511925,262.5229828368181,-4701.5909093487435,SL
NFLX,largo,2017-12-05,18.350000381469727,2017-12-18,19.1200008392334,10,1.0,0,5853.217721481982,356.0388714020168,5497.178850079966,time-stop
NVDA,largo,2017-12-06,4.580345092739146,2017-12-18,4.848944442705001,9,0.6666666666666666,0,5300.453661938343,232.59322972102893,5067.860432217314,TP
GOOGL,largo,2017-12-05,50.073023772423475,2017-12-20,53.53657033856462,12,0.6666666666666666,0,11468.24305762659,428.8306745976147,11039.412383028975,time-stop
TSLA,corto,2017-12-13,22.728666305541992,2017-12-26,21.41490570386399,9,-0.6666666666666666,0,5928.777017587199,249.01549307127664,5679.761524515922,TP
META,largo,2017-12-05,168.83297290365758,2018-01-03,181.55493196310854,20,0.6666666666666666,0,9902.375507026969,340.9137491027356,9561.461757924233,TP
TSLA,largo,2017-12-27,21.066667556762695,2018-01-08,22.065453305312065,8,0.6666666666666666,1,3457.0745607939753,186.61529512452694,3270.4592656694485,TP
GOOGL,largo,2018-02-05,54.51178361072482,2018-02-06,51.211685308382165,2,0.6666666666666666,1,-7178.4186061830405,287.46390518897175,-7465.882511372012,SL
TSLA,corto,2018-01-09,22.3439998626709,2018-02-08,21.346327766083125,22,-0.6666666666666666,1,3268.964473125481,178.94422592113233,3090.020247204349,TP
META,largo,2018-02-06,176.8759525388301,2018-02-08,171.2473748102069,3,0.6666666666666666,1,-3292.9223837431637,254.58098657438373,-3547.5033703175473,SL
TSLA,largo,2018-02-09,21.32866668701172,2018-02-09,20.462544725771355,1,0.6666666666666666,1,-2955.9323723561392,178.28319830113196,-3134.215570657271,SL
META,largo,2018-02-09,173.10207123239243,2018-02-09,166.58439431891068,1,0.6666666666666666,1,-3953.1858242365997,257.53879375425726,-4210.724617990857,SL
GOOGL,largo,2018-02-07,53.73715558547398,2018-02-09,49.63296209077155,3,0.6666666666666666,1,-8901.588860123593,280.2494232923728,-9181.838283415966,SL
NVDA,largo,2018-02-06,5.041586756070795,2018-02-15,6.051846035392674,8,0.6666666666666666,1,11498.803349374823,157.8322574579173,11340.971091916905,TP
TSLA,largo,2018-02-12,21.07533264160156,2018-02-23,23.18866729736328,9,0.6666666666666666,1,7253.53441984675,189.90748001151923,7063.626939835231,time-stop
GOOGL,largo,2018-03-20,54.40232002021162,2018-03-23,51.83540764724657,4,1.0,1,-7815.48358239283,404.32779531185344,-8219.811377704684,SL
META,largo,2018-03-20,165.88125256689625,2018-03-26,148.4419338655616,5,0.6666666666666666,1,-10808.940950993405,243.52304266167494,-11052.46399365508,SL
AMZN,largo,2018-03-26,76.5,2018-03-28,72.33272484999037,3,0.6666666666666666,1,-5133.4940018910565,229.1761021289782,-5362.670104020035,SL
NFLX,largo,2018-03-23,30.74099922180176,2018-03-29,27.9648239738665,5,0.6666666666666666,1,-5921.503200006911,156.52232337040493,-6078.025523377316,SL
NVDA,largo,2018-03-28,5.531668673764212,2018-04-06,5.3613725053149714,7,1.0,1,-2558.0985701982427,204.53684688756496,-2762.6354170858076,time-stop
AMZN,largo,2018-03-29,70.30000305175781,2018-04-09,71.25150299072266,7,0.6666666666666666,1,1249.4775244985794,232.35081017375063,1017.1267143248288,cambio de régimen
NFLX,largo,2018-04-03,28.545000076293945,2018-04-09,29.177000045776367,5,0.6666666666666666,1,1424.6072096991484,162.64078620031324,1261.9664234988352,cambio de régimen
NVDA,largo,2018-04-09,5.350759510146956,2018-04-17,5.765393233966342,7,1.0,2,2780.9225396843904,93.19417941913741,2687.728360265253,time-stop
META,corto,2018-04-27,175.13262986224737,2018-06-01,191.2384030730144,25,-1.0,2,-5763.5083818087005,163.8839759151286,-5927.392357723829,time-stop
TSLA,corto,2018-06-07,21.07666778564453,2018-06-11,22.06286445928804,3,-1.0,2,-2113.527344647744,115.56592040881364,-2229.093265056558,SL
TSLA,corto,2018-06-12,22.979999542236328,2018-06-15,24.005592198226083,4,-1.0,2,-2011.2897372350853,115.17930378302852,-2126.469041018114,SL
GOOGL,largo,2018-06-27,56.264603318198674,2018-07-13,59.57311688498488,12,0.6666666666666666,0,8953.453166085557,391.8480239574714,8561.605142128086,TP
NFLX,largo,2018-07-18,38.124000549316406,2018-07-20,36.03776067956734,3,0.6666666666666666,0,-5281.304056962355,234.6750822669592,-5515.979139229315,SL
META,largo,2018-07-27,178.1635859529565,2018-07-30,168.16438511780137,2,0.6666666666666666,0,-7143.439102481367,309.27131222976175,-7452.710414711129,SL
TSLA,largo,2018-07-05,20.917333602905273,2018-08-03,23.187332153320312,22,0.6666666666666666,0,10747.146465209298,261.01299855158123,10486.133466657717,señal
NVDA,largo,2018-06-26,6.018387506862929,2018-08-14,6.463723391479541,35,0.6666666666666666,0,5957.419603486094,208.7221542417643,5748.69744924433,TP
TSLA,corto,2018-08-03,23.187332153320312,2018-08-17,21.156364256278824,11,-0.6666666666666666,1,6087.891346096309,166.152063518071,5921.739282578237,TP
NFLX,largo,2018-07-31,33.1510009765625,2018-08-20,31.464000701904297,15,1.0,0,-7395.544534048764,354.07753755223524,-7749.622071600999,time-stop
NVDA,largo,2018-08-20,6.005547032156801,2018-08-27,6.856723363479366,6,1.0,1,12519.99712065664,236.4897589261168,12283.507361730524,TP
NFLX,corto,2018-08-27,36.71500015258789,2018-08-29,36.720001220703125,3,-0.6666666666666666,1,-9.564332773574279,175.55169570247028,-185.11602847604456,cambio de régimen
GOOGL,largo,2018-08-17,60.526055271019985,2018-08-29,62.15851685145168,9,0.6666666666666666,1,2973.835458245696,279.36624598925243,2694.4692122564434,cambio de régimen
NVDA,largo,2018-09-24,6.478803653530786,2018-10-08,6.585054450731145,11,1.0,2,636.3723352554734,97.80488839037162,538.5674468651018,time-stop
NFLX,largo,2018-10-11,32.49399948120117,2018-10-17,37.83300018310547,5,1.0,2,7390.857429342999,121.6933788206263,7269.164050522373,TP
NVDA,largo,2018-10-11,5.9838745927855195,2018-10-24,5.140759865428088,10,1.0,2,-5548.58896082369,91.51486438493124,-5640.103825208622,SL
TSLA,largo,2018-12-18,23.36933326721191,2018-12-24,19.876437864610423,5,0.6666666666666666,0,-15478.149570461595,239.54500375596626,-15717.694574217561,SL
NFLX,corto,2019-01-07,30.209999084472656,2019-01-08,31.99799919128418,2,-0.6666666666666666,0,-5958.279389317933,259.1251480950263,-6217.404537412959,SL
NVDA,corto,2019-01-14,3.62899051315197,2019-01-16,3.7341107600864265,3,-0.6666666666666666,0,-2624.5411938793695,229.7935360916847,-2854.334729971054,cambio de régimen
AMZN,corto,2019-01-08,83.2344970703125,2019-01-16,84.21099853515625,7,-0.6666666666666666,0,-1442.3418817764614,309.1567958697681,-1751.4986776462295,cambio de régimen
TSLA,largo,2018-12-26,20.0,2019-01-16,22.985332489013672,15,0.6666666666666666,0,15414.848959992349,277.444979014766,15137.403980977582,cambio de régimen
META,corto,2019-01-09,141.59385395230558,2019-01-16,147.5864604251384,6,-0.6666666666666666,0,-5669.069862141798,341.95959062094244,-6011.02945276274,cambio de régimen
NFLX,corto,2019-01-16,35.400001525878906,2019-01-22,33.148334850608165,4,-1.0,2,2822.7618033801264,107.41800048265029,2715.343802897476,TP
TSLA,largo,2019-01-24,18.868667602539062,2019-02-07,20.88666725158691,11,1.0,2,4924.44264490284,121.26666276330974,4803.17598213953,time-stop
TSLA,corto,2019-02-28,21.261333465576172,2019-03-01,20.46266746520996,2,-0.6666666666666666,1,2766.8355333951476,180.6816746890707,2586.153858706077,cambio de régimen
META,largo,2019-02-22,159.05660195678024,2019-03-01,161.05741941192724,6,0.6666666666666666,1,1167.4987976610428,233.4875266238063,934.0112710372365,cambio de régimen
AMZN,corto,2019-03-05,85.14749908447266,2019-03-19,88.73284268579036,11,-1.0,2,-2328.7447521834547,141.17298731722153,-2469.9177395006764,SL
NVDA,corto,2019-03-22,4.527046626037242,2019-04-03,4.691696524791425,9,-1.0,2,-1485.085660649951,103.93737990503013,-1589.0230405549812,SL
NFLX,largo,2019-04-16,35.5,2019-04-24,38.10699844360352,6,0.6666666666666666,0,7336.291173836566,258.9195892786919,7077.371584557874,time-stop
NVDA,largo,2019-04-29,4.417363543951109,2019-05-07,4.240156468560897,7,0.6666666666666666,0,-3657.9864203294273,223.39042169848062,-3881.376842027908,SL
GOOGL,largo,2019-05-14,56.57762852616041,2019-05-16,58.41443621915348,3,0.6666666666666666,0,5058.817919603578,395.8797101929407,4662.938209410638,TP
NVDA,largo,2019-05-14,3.962774871388677,2019-05-20,3.732541026068305,5,1.0,0,-8063.6450438936445,336.89820783831135,-8400.543251731955,SL
AMZN,largo,2019-05-14,91.9749984741211,2019-05-28,91.6374969482422,10,0.6666666666666666,0,-447.9305671882903,304.6121384311539,-752.5427056194442,time-stop
META,largo,2019-05-13,181.7591614305809,2019-05-29,181.75917880764527,12,0.6666666666666666,0,0.01270770380506292,332.2974538608419,-332.28474615703686,time-stop
AMZN,largo,2019-06-03,88.00050354003906,2019-06-03,84.31537655115764,1,0.6666666666666666,0,-5078.365410736413,296.8293249513491,-5375.194735687762,SL
NFLX,largo,2019-05-13,35.229000091552734,2019-06-03,34.03747417390125,15,0.6666666666666666,0,-3408.971367647682,247.71537069693886,-3656.686738344621,SL
AMZN,largo,2019-06-04,84.96199798583984,2019-06-07,88.93145968228949,4,1.0,1,5842.20438911629,319.9177871321982,5522.286601984092,TP
TSLA,corto,2019-06-07,13.666666984558104,2019-06-11,14.609333038330078,3,-0.6666666666666666,1,-5007.296154916694,187.74716882040326,-5195.043323737097,SL
NFLX,largo,2019-06-04,34.5,2019-06-11,35.5,6,0.6666666666666666,1,2013.666582402846,176.19582596024833,1837.4707564425976,time-stop
META,largo,2019-06-03,173.339817660485,2019-06-17,183.60468976848688,11,1.0,0,11676.146494433779,507.52414585312613,11168.622348580653,TP
NFLX,corto,2019-06-20,36.59099960327149,2019-06-27,36.31999969482422,6,-0.6666666666666666,0,755.7229054375202,254.15374004928032,501.5691653882399,time-stop
TSLA,corto,2019-06-12,14.863332748413086,2019-06-28,14.732666969299316,13,-0.6666666666666666,1,641.5132602617086,181.62967379817036,459.8835864635383,time-stop
NVDA,corto,2019-06-27,4.033235228451945,2019-07-01,4.277642153808946,3,-0.6666666666666666,0,-5763.3488041937235,244.9730360181559,-6008.321840211879,SL
GOOGL,corto,2019-06-21,54.96992204047367,2019-07-01,54.53307920261683,7,-0.6666666666666666,0,1235.0140371107846,386.9748222966657,848.0392148141188,time-stop
NVDA,corto,2019-07-02,4.102393790372585,2019-07-08,3.870848798084225,4,-0.6666666666666666,0,5326.931681236165,229.2908503811288,5097.640830855036,TP
TSLA,corto,2019-07-02,15.259332656860352,2019-07-12,16.2374460867122,8,-0.6666666666666666,0,-6677.46103797057,268.78083162813925,-6946.241869598709,SL
NFLX,largo,2019-07-18,32.375999450683594,2019-07-22,31.200000762939453,3,0.6666666666666666,1,-2576.902882868453,174.13835144875475,-2751.041234317208,SL
TSLA,corto,2019-07-15,16.53333282470703,2019-07-22,17.42915315160506,6,-0.6666666666666666,0,-5625.230271064473,266.5808065219037,-5891.811077586376,SL
TSLA,corto,2019-07-23,17.11400032043457,2019-07-25,15.105029546007401,3,-0.6666666666666666,1,8470.204005899584,169.8019698163287,8300.402036083256,TP
AMZN,largo,2019-07-29,96.5,2019-07-31,92.84968750600605,3,0.6666666666666666,1,-3218.3165032980323,208.67638907544224,-3426.9928923734747,SL
META,largo,2019-07-30,193.5363594578028,2019-08-02,187.4594675289401,4,0.6666666666666666,1,-2859.355061102324,224.08707422029352,-3083.442135322617,SL
GOOGL,corto,2019-07-29,61.53941519329829,2019-08-02,59.3517127769223,5,-0.6666666666666666,1,3797.400357185703,262.30259260716025,3535.0977645785424,TP
AMZN,largo,2019-08-01,93.58599853515624,2019-08-05,88.51100158691406,3,1.0,1,-6899.134601418802,309.4365689204719,-7208.5711703392735,SL
NVDA,largo,2019-08-05,3.812375055230867,2019-08-13,3.7526359861963545,7,0.6666666666666666,1,-1026.2368244549943,162.44588829372492,-1188.6827127487193,time-stop
META,largo,2019-08-05,182.93787650858883,2019-08-19,184.24533812759103,11,0.6666666666666666,1,642.7429332715983,225.63226043631659,417.1106728352817,time-stop
AMZN,largo,2019-08-06,89.61150360107422,2019-08-26,88.34549713134766,15,1.0,1,-1787.792664517081,314.1277593328567,-2101.920423849938,time-stop
TSLA,corto,2019-09-06,15.146666526794434,2019-09-11,15.958923901862187,4,-0.6666666666666666,1,-3834.3900041157904,183.5486027470852,-4017.9386068628755,SL
TSLA,corto,2019-09-12,16.51333236694336,2019-09-24,15.735027710950654,9,-0.6666666666666666,1,3351.849672941011,173.601131555138,3178.2485413858726,TP
TSLA,largo,2019-09-25,14.970666885375977,2019-09-26,15.748000671850475,2,0.6666666666666666,1,3697.0741173441056,182.6261651063038,3514.447952237802,TP
GOOGL,largo,2019-10-02,59.26109499533884,2019-10-15,61.13588745311559,10,0.6666666666666666,1,3319.0408332001534,266.4311583416381,3052.6096748585155,TP
NFLX,corto,2019-10-11,28.479999542236328,2019-10-17,30.553247210235906,5,-0.6666666666666666,1,-5275.00755685629,187.7494109432156,-5462.756967799505,SL
NFLX,corto,2019-10-18,28.93600082397461,2019-10-18,27.701886074415945,1,-0.6666666666666666,1,3074.8717184135166,176.3959111954989,2898.4758072180175,TP
META,corto,2019-10-14,182.45253010436787,2019-10-29,189.87146417011613,12,-0.6666666666666666,1,-3666.021626691887,229.97707673536524,-3895.998703427252,SL
AMZN,corto,2019-11-29,90.88899993896484,2019-12-26,92.22008949544166,19,-0.6666666666666666,0,-1836.7322411637724,315.83371548691116,-2152.565956650684,SL
AMZN,corto,2019-12-27,94.14600372314452,2020-01-07,95.53048229448972,7,-1.0,0,-2748.9843247770623,470.7708172892221,-3219.7551420662844,SL
GOOGL,largo,2019-12-31,66.15993795919911,2020-01-08,69.59346638398566,6,0.6666666666666666,0,7834.840886288643,387.21330917297655,7447.627577115666,TP
NFLX,corto,2019-12-19,32.45000076293945,2020-01-23,34.84382381526405,23,-0.6666666666666666,0,-7466.402227539875,262.364192521698,-7728.766420061573,SL
AMZN,largo,2020-01-28,92.0250015258789,2020-01-31,102.57350158691406,4,0.6666666666666666,0,14320.045712508057,330.21987060207886,13989.825841905978,TP
NVDA,largo,2020-01-28,6.030140227168706,2020-02-05,6.257092159833184,7,0.6666666666666666,0,3471.2825365192257,234.92009247509787,3236.3624440441276,TP
META,largo,2020-01-31,206.45262571724805,2020-02-24,197.2167630687922,16,0.6666666666666666,0,-5811.17702687312,317.48445811901865,-6128.661484992139,SL
META,largo,2020-02-25,200.3312979880841,2020-02-26,194.02804948186932,2,1.0,0,-6142.15361042571,480.3506651132932,-6622.504275539003,SL
GOOGL,largo,2020-02-25,70.8755637283308,2020-02-27,67.31644613004579,3,0.6666666666666666,0,-7734.221215998608,375.3766014373747,-8109.597817435983,SL
META,largo,2020-02-27,190.0002289788113,2020-02-28,180.9667554592712,2,0.6666666666666666,0,-6120.2336527113075,314.16550583943786,-6434.399158550746,SL
AMZN,largo,2020-02-28,90.73149871826172,2020-03-02,97.40835902652307,2,0.6666666666666666,0,9169.038714333554,322.95524388100165,8846.083470452551,TP
GOOGL,largo,2020-02-28,63.11491136369297,2020-03-03,69.22527312469211,3,1.0,0,21762.33165167761,589.1694915804597,21173.162160097152,TP
META,largo,2020-03-02,192.18926049743837,2020-03-03,184.9187388867525,2,0.6666666666666666,0,-5004.529113219847,324.46914795158756,-5328.998261171435,SL
GOOGL,largo,2020-03-04,67.30751483968164,2020-03-06,62.898976532107014,3,0.6666666666666666,0,-10257.464282206609,378.6936682229782,-10636.157950429588,SL
NFLX,largo,2020-02-26,36.63100051879883,2020-03-09,34.38600158691406,9,0.6666666666666666,0,-6337.035776570672,250.5776710497549,-6587.613447620427,SL
NFLX,largo,2020-03-10,35.643001556396484,2020-03-12,32.650001525878906,3,0.6666666666666666,0,-8903.866454255854,253.95580229058268,-9157.822256546437,SL
GOOGL,largo,2020-03-10,62.128304835514435,2020-03-12,55.60191470564654,3,1.0,0,-23623.892064965854,532.6922586378967,-24156.58432360375,SL
NVDA,largo,2020-03-10,6.373883859992634,2020-03-12,5.60168251557704,3,0.6666666666666666,0,-11249.69529865036,218.08022241899792,-11467.775521069358,cambio de régimen
TSLA,largo,2020-02-28,41.97999954223633,2020-03-12,38.72600173950195,10,0.6666666666666666,0,-6785.214037730693,210.35950468597449,-6995.573542416668,cambio de régimen
AMZN,largo,2020-03-13,87.75,2020-03-16,82.07550048828125,2,1.0,2,-3515.085355465286,131.498630081411,-3646.583985546697,SL
NFLX,largo,2020-03-13,33.05099868774414,2020-03-16,30.41204597376717,2,1.0,2,-3632.9431120992012,109.20886804581345,-3742.1519801450145,SL
TSLA,largo,2020-03-18,25.933332443237305,2020-04-17,51.48533248901367,22,1.0,2,38146.5044202291,144.472616564046,38002.03180366506,TP
META,corto,2020-04-15,173.5279950420858,2020-04-23,182.333676352203,7,-1.0,2,-2782.1505717802575,140.54289464898875,-2922.693466429246,time-stop
META,corto,2020-04-24,181.4917094158363,2020-04-29,193.00184416696266,4,-1.0,2,-3454.2316479640285,140.48352959308656,-3594.715177557115,SL
META,corto,2020-04-30,204.95698525723031,2020-05-08,210.2265226820095,7,-1.0,2,-1404.5831169052544,138.33276497068317,-1542.9158818759377,time-stop
GOOGL,corto,2020-04-30,65.94054107016746,2020-06-09,72.07056885947927,28,-1.0,2,-5650.063304233205,159.0065197480805,-5809.0698239812855,SL
META,largo,2020-07-24,228.00623018656836,2020-08-04,249.173483404848,8,0.6666666666666666,0,11157.644846667055,314.4126517847774,10843.232194882277,time-stop
TSLA,largo,2020-08-11,93.06666564941406,2020-08-13,107.58406923224695,3,0.6666666666666666,0,13058.255204246932,225.60409029535404,12832.651113951579,TP
NFLX,largo,2020-08-12,47.13399887084961,2020-08-25,48.819000244140625,10,0.6666666666666666,0,4037.94457482094,287.4277273268857,3750.516847494054,cambio de régimen
NVDA,largo,2021-01-07,12.900947707097602,2021-01-11,13.612981004358792,3,0.6666666666666666,0,4980.979708306302,231.84544424963826,4749.134264056664,TP
META,largo,2021-01-07,263.37746723645864,2021-01-12,250.31990054657186,4,0.6666666666666666,0,-5890.9119291352545,289.69275284098455,-6180.604681976239,SL
NFLX,largo,2021-01-07,50.827999114990234,2021-01-20,56.54199981689453,9,0.6666666666666666,0,13574.221038811738,318.8361741784212,13255.384864633317,TP
AMZN,largo,2021-01-07,157.85000610351562,2021-01-25,167.96111795220293,12,0.6666666666666666,0,8898.675655197352,358.4283757828665,8540.247279414485,TP
TSLA,largo,2021-02-01,271.42999267578125,2021-02-11,270.8133239746094,9,0.6666666666666666,0,-179.38538142353354,197.1693309487854,-376.55471237231893,time-stop
AMZN,largo,2021-02-23,156.35150146484375,2021-02-23,160.22507404377356,1,0.6666666666666666,0,3563.592303504847,364.05341095484175,3199.5388925500056,TP
NVDA,largo,2021-02-26,13.68191575822136,2021-03-03,12.909529453355841,4,0.6666666666666666,0,-5315.180778383365,228.7364780545567,-5543.917256437921,SL
AMZN,largo,2021-02-24,158.33749389648438,2021-03-03,150.5314024230362,6,0.6666666666666666,0,-7159.455393248209,354.10376195998657,-7513.559155208195,SL
TSLA,largo,2021-02-23,220.7100067138672,2021-03-05,208.68666076660156,9,0.6666666666666666,0,-4244.6372727231355,189.48896459071833,-4434.126237313854,time-stop
META,largo,2021-01-13,249.16358876608615,2021-03-05,258.19705890708207,36,0.6666666666666666,0,4281.1720224104065,300.56254354471724,3980.609478865689,time-stop
NVDA,largo,2021-03-04,12.73505231080037,2021-03-05,11.984592111892972,2,0.6666666666666666,0,-5461.896210538427,224.88889549828446,-5686.785106036712,SL
NFLX,largo,2021-03-04,52.150001525878906,2021-03-05,50.06937103954858,2,1.0,0,-7158.45518249154,439.61001370706884,-7598.065196198609,SL
NFLX,largo,2021-03-08,51.44599914550781,2021-03-08,49.299619141866785,1,0.6666666666666666,0,-4948.699697421369,290.34922164849803,-5239.048919069867,SL
GOOGL,largo,2021-02-26,100.54078166491652,2021-03-09,101.52146100220388,8,1.0,0,2068.0345031131874,532.6303840151061,1535.4041190980813,time-stop
NVDA,largo,2021-03-09,12.072157351075006,2021-03-10,12.90869697565342,2,0.6666666666666666,0,6295.313288267207,234.9893232412266,6060.32396502598,TP
META,corto,2021-03-12,266.58672955021365,2021-03-16,276.26344294178523,3,-0.6666666666666666,0,-4380.076130315894,307.14522930650537,-4687.221359622399,SL
NFLX,largo,2021-03-09,50.73099899291992,2021-03-22,50.91299819946289,10,0.6666666666666666,0,421.36378202449123,294.15718267813986,127.20659934635137,time-stop
NVDA,corto,2021-04-01,13.507256145400948,2021-04-08,14.19081656962989,5,-0.6666666666666666,1,-3218.108175173671,162.9983814915496,-3381.1065566652205,SL
AMZN,corto,2021-04-05,158.64999389648438,2021-04-08,165.8875157240985,4,-0.6666666666666666,1,-4493.5326733535185,251.8679628786712,-4745.40063623219,SL
NFLX,corto,2021-04-05,54.000999450683594,2021-04-21,50.79999923706055,13,-0.6666666666666666,1,4894.322906932139,200.3006460152,4694.022260916939,TP
META,largo,2021-04-23,295.9257125937409,2021-04-29,326.9882012067515,5,0.6666666666666666,1,8739.194322416864,219.06509997719564,8520.12922243967,TP
NFLX,largo,2021-04-22,51.38199996948242,2021-05-10,48.84689754223649,13,0.6666666666666666,1,-4087.6767316335754,202.0151768783906,-4289.691908511966,SL
NVDA,largo,2021-05-13,13.9665447300379,2021-05-13,13.414090392689316,1,0.6666666666666666,1,-2513.3341130149565,155.70672460515087,-2669.0408376201076,SL
NVDA,largo,2021-05-14,13.823482138772494,2021-05-24,15.390855387268278,7,0.6666666666666666,1,7196.582855976005,167.67177249450083,7028.911083481504,TP
GOOGL,largo,2021-05-12,110.26031182288772,2021-05-26,117.21066943474094,11,0.6666666666666666,1,6130.693438816685,250.80631281817898,5879.887125998505,time-stop
AMZN,largo,2021-05-11,156.81399536132812,2021-06-17,172.92477759457992,27,0.6666666666666666,1,10118.087737735696,258.85815063150596,9859.22958710419,TP
NFLX,corto,2021-06-21,50.16400146484375,2021-06-22,51.28212428825392,2,-0.6666666666666666,1,-1891.2231536778709,214.4858975443643,-2105.7090512222353,SL
NFLX,corto,2021-06-23,50.847999572753906,2021-06-24,52.02395381466262,2,-0.6666666666666666,1,-1957.2561841498828,214.02487419099012,-2171.2810583408727,SL
NFLX,corto,2021-06-25,52.88399887084961,2021-07-06,54.024715854048914,7,-0.6666666666666666,1,-1820.4175758321799,213.26335340098842,-2033.6809292331682,SL
TSLA,corto,2021-06-24,224.9966735839844,2021-07-07,216.18979294093677,9,-0.6666666666666666,1,2050.0515506942975,128.37334757096315,1921.6782031233342,TP
NVDA,largo,2021-07-19,17.833536766353216,2021-07-21,19.051283466286815,3,0.6666666666666666,0,6188.779327904762,234.31803693421293,5954.461290970549,TP
META,largo,2021-07-16,341.637855285962,2021-07-23,362.73660947815483,6,0.6666666666666666,1,5232.807704157589,218.36929874237688,5014.438405415212,TP
AMZN,largo,2021-08-02,167.65499877929688,2021-08-16,161.97858267928962,11,1.0,0,-7297.783453660231,529.7344429472314,-7827.517896607463,SL
NFLX,largo,2021-07-22,51.020999908447266,2021-08-19,52.27399826049805,21,0.6666666666666666,0,3016.5822664108273,310.8522241623341,2705.730042248493,time-stop
NVDA,largo,2021-08-18,19.41106231099318,2021-08-23,21.64732607911206,4,0.6666666666666666,0,10570.8249482955,242.6038927733606,10328.221055522139,TP
GOOGL,largo,2021-09-13,140.6114746479398,2021-09-20,136.85918731338376,6,0.6666666666666666,0,-3843.2047830700467,355.24217634893085,-4198.446959418978,SL
META,largo,2021-09-20,355.891384903415,2021-09-20,348.78556543603486,1,0.6666666666666666,0,-2426.3746596826822,300.7764099930956,-2727.1510696757778,SL
META,largo,2021-09-21,355.0989661005446,2021-09-22,343.9359848468876,2,0.6666666666666666,0,-3810.5082648128155,298.27140230858924,-4108.779667121405,SL
GOOGL,largo,2021-09-21,138.4321958220038,2021-09-29,134.0782852880133,7,0.6666666666666666,0,-4500.715512454801,352.1237230483056,-4852.8392355031065,SL
META,largo,2021-09-23,342.0835730861536,2021-10-04,332.34686110911144,8,0.6666666666666666,0,-3449.2626527807006,298.64903496856493,-3747.9116877492656,SL
GOOGL,largo,2021-09-30,132.99596110436238,2021-10-14,138.1593012632748,11,0.6666666666666666,0,5454.9638552630495,358.0875242227374,5096.876331040312,time-stop
META,largo,2021-10-05,325.462816840307,2021-10-15,325.56187197248846,9,0.6666666666666666,0,36.05259324582585,296.18768586077806,-260.1350926149522,time-stop
NVDA,largo,2021-09-21,21.32308361140182,2021-10-26,23.88380013492317,26,0.6666666666666666,0,11117.756753943104,245.341065908127,10872.415688034976,TP
META,corto,2021-11-16,340.56810141250594,2021-12-01,317.69891566232553,11,-0.6666666666666666,0,8151.016203574691,293.27372982733993,7857.742473747351,TP
NFLX,largo,2021-11-08,65.02899932861328,2021-12-01,63.12825375384294,17,0.6666666666666666,0,-3690.873791612612,311.0702011395289,-4001.9439927521407,SL
NFLX,largo,2021-12-02,61.709999084472656,2021-12-15,59.81800079345703,10,0.6666666666666666,0,-3903.776681402451,313.4372361181382,-4217.213917520589,time-stop
NVDA,largo,2021-12-14,27.580909846868153,2021-12-16,31.01918703981043,3,1.0,0,16883.854891350435,359.6988684059137,16524.15602294452,TP
TSLA,largo,2021-12-06,333.836669921875,2021-12-27,357.8900146484375,15,0.6666666666666666,0,5517.167149273446,198.3285372456268,5318.838612027819,time-stop
NFLX,largo,2021-12-16,59.70899963378906,2021-12-30,61.29899978637695,10,0.6666666666666666,0,3447.8679118370637,328.0027973561191,3119.8651144809446,time-stop
NFLX,largo,2022-01-04,59.99100112915039,2022-01-05,58.0254103231853,2,0.6666666666666666,1,-3012.1319540263503,226.06498447966737,-3238.1969385060174,SL
GOOGL,largo,2021-11-29,142.64266132158292,2022-01-06,135.7071637287869,28,0.6666666666666666,0,-3472.484682875758,174.20622872332484,-3646.690911599083,SL
NFLX,largo,2022-01-06,55.43399810791016,2022-01-10,53.31948205694557,3,0.6666666666666666,1,-3483.6158707355935,223.9610272331545,-3707.576897968748,SL
NFLX,largo,2022-01-11,53.69900131225586,2022-01-14,51.489052171683035,4,1.0,1,-5603.5267546367395,333.3923285518639,-5936.9190831886035,SL
NVDA,largo,2022-01-06,27.522156879900574,2022-01-19,25.329908146853075,9,0.6666666666666666,1,-5072.629345729001,152.86753961558742,-5225.496885344589,SL
AMZN,largo,2022-01-06,163.45050048828125,2022-01-21,149.9499969482422,11,1.0,1,-12616.122357502638,366.0881065320185,-12982.210464034657,time-stop
NVDA,largo,2022-01-20,25.19612432099179,2022-01-24,22.234798657209716,3,0.6666666666666666,1,-7312.0138138649345,146.3937115489502,-7458.407525413884,SL
TSLA,largo,2022-01-20,336.57666015625,2022-01-24,301.586669921875,3,0.6666666666666666,1,-5505.895276882686,125.52377270689303,-5631.419049589579,SL
GOOGL,corto,2022-02-03,144.33209690892662,2022-02-04,142.0923982148257,2,-0.6666666666666666,1,1540.1567259908043,246.20421812500226,1293.952507865802,cambio de régimen
NVDA,corto,2022-03-21,26.398489377058596,2022-03-29,28.5775285613948,7,-1.0,2,-3360.0071835528142,105.96402793268408,-3465.9712114854983,SL
GOOGL,corto,2022-03-23,137.39509925472657,2022-03-30,141.11718519835287,6,-1.0,2,-1862.4212243647635,174.19909080147897,-2036.6203151662426,time-stop
AMZN,corto,2022-03-21,161.12100219726562,2022-04-08,156.75,15,-1.0,2,1614.1735748182182,146.73378918363096,1467.4397856345872,señal
AMZN,corto,2022-08-02,134.72000122070312,2022-08-04,143.5087566268133,3,-1.0,2,-3776.7977029583053,149.45428632660685,-3926.2519892849123,SL
TSLA,corto,2022-08-01,301.27667236328125,2022-08-16,311.6666564941406,12,-1.0,2,-1351.6771553225044,99.67550054566144,-1451.3526558681658,time-stop
TSLA,largo,2022-10-04,250.52000427246097,2022-10-05,234.6432606516189,2,0.6666666666666666,1,-4167.357566896477,159.18320938049604,-4326.540776276973,SL
NVDA,corto,2022-11-16,16.104024034799696,2022-12-01,16.942355347832123,11,-1.0,2,-2146.7218626436224,105.77766808760333,-2252.4995307312256,SL
TSLA,corto,2023-01-30,178.0500030517578,2023-01-31,164.57000732421875,2,-1.0,2,3165.1306849886314,100.55985273020778,3064.5708322584237,TP
AMZN,corto,2023-01-30,101.08999633789062,2023-02-01,105.34645661785295,3,-1.0,2,-2388.992517623352,144.83135899260128,-2533.823876615953,SL
AMZN,corto,2023-02-02,110.25,2023-03-02,90.59525391929041,20,-1.0,2,10149.22722531527,129.6394335738621,10019.587791741407,TP
TSLA,corto,2023-05-30,200.1000061035156,2023-06-02,210.90112422386903,4,-0.6666666666666666,0,-5357.355404945745,254.82073967520995,-5612.176144620955,SL
GOOGL,largo,2023-06-22,118.8688795483101,2023-07-14,123.62364949891388,16,0.6666666666666666,0,6189.758262907038,394.5958876445445,5795.162375262494,time-stop
TSLA,largo,2023-07-24,255.8500061035156,2023-08-09,250.8699951171875,13,0.6666666666666666,0,-1918.1188200324978,243.96260708477098,-2162.0814271172685,time-stop
NVDA,largo,2023-08-10,42.03099019324286,2023-08-14,40.274069966987064,3,0.6666666666666666,0,-3836.3638051471207,224.64889772775007,-4061.0127028748707,SL
META,largo,2023-08-17,290.2699145259269,2023-08-18,276.3828992633854,2,0.6666666666666666,0,-4914.791274463976,250.68204472042947,-5165.473319184405,SL
NFLX,largo,2023-08-17,41.5,2023-08-23,42.773770652545565,5,0.6666666666666666,0,3228.6241892014805,267.0107192180478,2961.613469983433,TP
TSLA,largo,2023-08-10,245.3999938964844,2023-09-11,264.2699890136719,22,0.6666666666666666,0,7554.342824774751,255.0492034105962,7299.293621364154,TP
GOOGL,largo,2023-09-21,130.20105377280416,2023-09-26,126.47664440070042,4,0.6666666666666666,1,-3102.451731678084,267.267266303397,-3369.7189979814807,SL
AMZN,largo,2023-09-22,131.11000061035156,2023-10-02,127.27999877929688,7,1.0,1,-3842.068006374553,324.0050506544825,-4166.073057029035,time-stop
NVDA,largo,2023-09-18,42.62071131068282,2023-10-02,44.697766423721674,11,0.6666666666666666,1,3137.238748698255,164.86016073072034,2972.3785879675347,TP
GOOGL,largo,2023-09-27,127.35810764338332,2023-10-05,133.7968292236328,7,0.6666666666666666,1,5431.614268862977,275.38325422822675,5156.23101463475,time-stop
TSLA,largo,2023-09-25,243.3800048828125,2023-10-05,263.4489932749173,9,1.0,1,8353.101692598037,263.69005749404187,8089.411635103995,TP
NFLX,largo,2023-09-15,40.099998474121094,2023-10-05,36.86759919355487,15,0.6666666666666666,1,-6016.26393423423,179.06875890018992,-6195.33269313442,SL
AMZN,largo,2023-10-04,126.05999755859376,2023-10-12,132.1699981689453,7,0.6666666666666666,1,4245.186840270049,224.2705544432154,4020.9162858268337,time-stop
NVDA,largo,2023-10-19,42.683520414055806,2023-10-26,40.82215313404852,6,0.6666666666666666,1,-2838.576934414632,159.1822321771172,-2997.7591665917494,SL
META,largo,2023-10-26,292.201409026239,2023-10-26,282.2300645660802,1,0.6666666666666666,1,-2505.269439482974,180.40516271627934,-2685.6746021992535,SL
TSLA,largo,2023-10-20,217.0099945068359,2023-10-30,195.61333770175088,7,0.6666666666666666,1,-6727.134555058394,162.16158800004962,-6889.296143058444,SL
NVDA,largo,2023-10-27,41.00752338515214,2023-11-02,43.19897822868172,5,0.6666666666666666,1,3454.0693066776876,165.90296938231393,3288.1663372953735,TP
GOOGL,largo,2023-10-26,122.10805414835848,2023-11-06,128.434634134555,8,0.6666666666666666,1,5605.521889297044,277.48454268289413,5328.03734661415,TP
NFLX,corto,2023-10-20,40.5629997253418,2023-11-10,44.28487176278732,16,-0.6666666666666666,1,-6883.093905506961,196.14318455183033,-7079.237090058791,SL
NVDA,corto,2023-11-07,45.582867485335434,2023-11-20,50.22587535408685,10,-0.6666666666666666,1,-6610.1972922641435,170.50226663267796,-6780.699558896821,SL
GOOGL,largo,2023-12-05,127.73451535832072,2023-12-05,130.73625859317093,1,0.6666666666666666,1,2517.7902360634034,270.9988580166197,2246.791378046784,TP
GOOGL,largo,2023-12-07,133.76709808625108,2023-12-07,136.77675165255664,1,0.6666666666666666,1,2407.998203104202,270.57478945643174,2137.42341364777,TP
NFLX,largo,2023-12-05,45.06999969482422,2023-12-11,46.61550267156525,5,0.6666666666666666,1,2552.985564027462,189.3168174816297,2363.668746545832,TP
TSLA,corto,2023-11-15,239.2899932861328,2023-12-12,238.5500030517578,19,-0.6666666666666666,1,212.55024540999148,171.56477844283813,40.98546696715334,time-stop
META,largo,2023-10-27,291.68635372491264,2023-12-19,348.55662074329354,37,0.6666666666666666,1,14244.786037734448,200.4589713926124,14044.327066341835,TP
NVDA,largo,2023-12-01,46.38646445632827,2024-01-02,49.101683898702085,21,0.6666666666666666,1,3830.9743527871324,168.40841739822605,3662.5659353889064,time-stop
AMZN,largo,2024-01-04,145.58999633789062,2024-01-11,155.0399932861328,6,0.6666666666666666,0,8178.627433125017,325.23035375377606,7853.397079371241,TP
TSLA,largo,2024-01-10,235.1000061035156,2024-01-12,220.0800018310547,3,0.6666666666666666,0,-6558.762188151901,248.45344337864876,-6807.215631530549,SL
NFLX,largo,2024-01-03,46.73199844360352,2024-01-24,53.775001525878906,15,1.0,0,24349.34969315675,434.3459849935882,23915.00370816316,TP
TSLA,largo,2024-01-16,215.1000061035156,2024-01-25,189.6999969482422,8,1.0,0,-18183.60460832223,362.24018443968777,-18545.84479276192,SL
GOOGL,largo,2024-02-01,140.78039524700787,2024-02-02,135.5512678290584,2,0.6666666666666666,0,-5718.832740127371,377.76249162258546,-6096.595231749956,SL
AMZN,largo,2024-02-21,168.94000244140625,2024-03-01,178.6141848353767,8,0.6666666666666666,0,7188.499858669573,322.8171028277702,6865.682755841803,TP
GOOGL,largo,2024-02-20,138.343565378545,2024-03-04,133.28120769562173,10,0.6666666666666666,0,-5558.9080038117245,372.83446262819587,-5931.7424664399205,SL
GOOGL,largo,2024-03-05,130.6369020545164,2024-03-11,136.8307099617591,5,1.0,0,10822.597012489568,584.1911434160245,10238.405869073544,TP
NVDA,largo,2024-04-05,86.6190003818051,2024-04-19,80.67082857860287,11,0.6666666666666666,0,-6661.927174756245,234.20487304428627,-6896.132047800532,SL
META,largo,2024-04-22,485.58881746124194,2024-04-25,417.84509411294425,4,0.6666666666666666,0,-14585.727327092754,243.14504800172438,-14828.87237509448,SL
AMZN,largo,2024-04-19,178.74000549316406,2024-04-25,167.1503062742467,5,0.6666666666666666,0,-8138.722720519974,303.62148382960095,-8442.344204349574,SL
