rsi_window,m_tp,calmar,n_operaciones
7,1.0,0.16834928281080033,5
7,1.4545454545454546,,4
7,1.9090909090909092,,4
7,2.3636363636363633,,4
7,2.8181818181818183,,4
7,3.2727272727272725,,4
7,3.727272727272727,,4
7,4.181818181818182,,4
7,4.636363636363637,,4
7,5.090909090909091,,4
7,5.545454545454545,,4
7,6.0,,4
9,1.0,0.16834928281080033,5
9,1.4545454545454546,,4
9,1.9090909090909092,,4
9,2.3636363636363633,,4
9,2.8181818181818183,,4
9,3.2727272727272725,,4
9,3.727272727272727,,4
9,4.181818181818182,,4
9,4.636363636363637,,4
9,5.090909090909091,,4
9,5.545454545454545,,4
9,6.0,,4
11,1.0,0.16834928281080033,5
11,1.4545454545454546,,4
11,1.9090909090909092,,4
11,2.3636363636363633,,4
11,2.8181818181818183,,4
11,3.2727272727272725,,4
11,3.727272727272727,,4
11,4.181818181818182,,4
11,4.636363636363637,,4
11,5.090909090909091,,4
11,5.545454545454545,,4
11,6.0,,4
13,1.0,0.16834928281080033,5
13,1.4545454545454546,,4
13,1.9090909090909092,,4
13,2.3636363636363633,,4
13,2.8181818181818183,,4
13,3.2727272727272725,,4
13,3.727272727272727,,4
13,4.181818181818182,,4
13,4.636363636363637,,4
13,5.090909090909091,,4
13,5.545454545454545,,4
13,6.0,,4
15,1.0,0.16834928281080033,5
15,1.4545454545454546,,4
15,1.9090909090909092,,4
15,2.3636363636363633,,4
15,2.8181818181818183,,4
15,3.2727272727272725,,4
15,3.727272727272727,,4
15,4.181818181818182,,4
15,4.636363636363637,,4
15,5.090909090909091,,4
15,5.545454545454545,,4
15,6.0,,4
17,1.0,0.16834928281080033,5
17,1.4545454545454546,,4
17,1.9090909090909092,,4
17,2.3636363636363633,,4
17,2.8181818181818183,,4
17,3.2727272727272725,,4
17,3.727272727272727,,4
17,4.181818181818182,,4
17,4.636363636363637,,4
17,5.090909090909091,,4
17,5.545454545454545,,4
17,6.0,,4
18,1.0,0.16834928281080033,5
18,1.4545454545454546,,4
18,1.9090909090909092,,4
18,2.3636363636363633,,4
18,2.8181818181818183,,4
18,3.2727272727272725,,4
18,3.727272727272727,,4
18,4.181818181818182,,4
18,4.636363636363637,,4
18,5.090909090909091,,4
18,5.545454545454545,,4
18,6.0,,4
20,1.0,0.16834928281080033,5
20,1.4545454545454546,,4
20,1.9090909090909092,,4
20,2.3636363636363633,,4
20,2.8181818181818183,,4
20,3.2727272727272725,,4
20,3.727272727272727,,4
20,4.181818181818182,,4
20,4.636363636363637,,4
20,5.090909090909091,,4
20,5.545454545454545,,4
20,6.0,,4
22,1.0,0.16834928281080033,5
22,1.4545454545454546,,4
22,1.9090909090909092,,4
22,2.3636363636363633,,4
22,2.8181818181818183,,4
22,3.2727272727272725,,4
22,3.727272727272727,,4
22,4.181818181818182,,4
22,4.636363636363637,,4
22,5.090909090909091,,4
22,5.545454545454545,,4
22,6.0,,4
24,1.0,0.16834928281080033,5
24,1.4545454545454546,,4
24,1.9090909090909092,,4
24,2.3636363636363633,,4
24,2.8181818181818183,,4
24,3.2727272727272725,,4
24,3.727272727272727,,4
24,4.181818181818182,,4
24,4.636363636363637,,4
24,5.090909090909091,,4
24,5.545454545454545,,4
24,6.0,,4
26,1.0,0.16834928281080033,5
26,1.4545454545454546,,4
26,1.9090909090909092,,4
26,2.3636363636363633,,4
26,2.8181818181818183,,4
26,3.2727272727272725,,4
26,3.727272727272727,,4
26,4.181818181818182,,4
26,4.636363636363637,,4
26,5.090909090909091,,4
26,5.545454545454545,,4
26,6.0,,4
28,1.0,0.16834928281080033,5
28,1.4545454545454546,,4
28,1.9090909090909092,,4
28,2.3636363636363633,,4
28,2.8181818181818183,,4
28,3.2727272727272725,,4
28,3.727272727272727,,4
28,4.181818181818182,,4
28,4.636363636363637,,4
28,5.090909090909091,,4
28,5.545454545454545,,4
28,6.0,,4
