frecuencia,delta,retorno_bruto,costo_total,retorno_neto,turnover_anual,n_rebalanceos,calmar,sharpe,mdd,turnover_medio_rebalanceo
diario,0.02,0.09590337529025472,0.07101253375893668,0.024890841531318042,7.068754617694081,15,0.02862109810900231,0.09058299721652929,0.11022595711827576,0.02827427586935689
diario,0.05,0.08706793664303492,0.07056809197650882,0.016499844666526098,7.050000051914076,6,0.01818894308828127,0.06796084387731975,0.11538926852895824,0.04739378645785144
diario,0.1,0.09984269081663322,0.07079718979916816,0.02904550101746506,7.02736384928521,2,0.03389307784138087,0.10110106313339531,0.10842481384970713,0.0749600112451464
diario,0.2,0.1033161085685974,0.07096960002847451,0.03234650854012289,7.02616228773039,1,0.03769204842898649,0.10969700390791409,0.10842481384970738,0.07393176308622249
semanal,0.02,0.08917958340767902,0.07092438081066617,0.018255202597012854,7.082334097144658,15,0.020062776889259826,0.07268638650654685,0.11565407056997759,0.03079087536393822
semanal,0.05,0.08590598842968519,0.07068755448293093,0.015218433946754262,7.062918410088402,7,0.017051664476154492,0.0645503828310321,0.11358885961903348,0.04784003367263351
semanal,0.1,0.0976923485132794,0.07059700401325547,0.027095344500023932,7.0157986644074,2,0.03145898038685145,0.09589547994258342,0.10906159965519344,0.07546768935162776
semanal,0.2,0.1011520409556603,0.07076839288487344,0.03038364807078686,7.014587294263931,1,0.035227472438676695,0.10446522597305513,0.10906159965519277,0.07496985466218566
quincenal,0.02,0.09017732315864892,0.07092878743789878,0.019248535720750137,7.07572263158788,15,0.021141509503494745,0.07532107929738611,0.11567560118910743,0.02751501234951464
quincenal,0.05,0.0933017019854659,0.07096781393548642,0.02233388804997949,7.061858901763159,6,0.025579606349773736,0.08337438051792878,0.11078375452430711,0.04327963736097288
quincenal,0.1,0.10273256920017497,0.0708405662608677,0.031892002939307273,7.01490408996081,1,0.03724938402601968,0.10839633680867373,0.108192606530466,0.07446128583469658
quincenal,0.2,0.10273256920017497,0.0708405662608677,0.031892002939307273,7.01490408996081,1,0.03724938402601968,0.10839633680867373,0.108192606530466,0.07446128583469658
mensual,0.02,0.09672438429786362,0.07072310771227636,0.026001276585587263,7.019922601306881,6,0.02960802497926969,0.09287009041219565,0.11125251458923532,0.03432866912189075
mensual,0.05,0.0963917641238425,0.07070564665909691,0.025686117464745584,7.021262694620262,4,0.029253085188931112,0.0919886746781473,0.11125251458923532,0.04239523021252957
mensual,0.1,0.10206046814631056,0.07065278628638674,0.03140768185992382,7.0005563766742975,1,0.03641653239017701,0.1071702469079157,0.1090088053888967,0.07402785051018002
mensual,0.2,0.10206046814631056,0.07065278628638674,0.03140768185992382,7.0005563766742975,1,0.03641653239017701,0.1071702469079157,0.1090088053888967,0.07402785051018002
