date,RP (sistema),EW,Buy & Hold
2016-07-31,-0.006054817520687705,-0.005162706840840969,0.08242796378696693
2016-08-31,-0.0025872716973547316,-0.0028527290441106024,0.01203619668385758
2016-09-30,0.008708762111020008,0.0077980582364456374,0.039114044642968304
2016-10-31,0.004072008027371288,0.0045815357890872654,0.03883173723199418
2016-11-30,-0.008383456538694212,-0.005632911297393961,0.01633743018678735
2016-12-31,0.00015103354259005108,0.0009427430037931561,0.06761833360011082
2017-01-31,-0.009720770930700673,-0.008898145995133389,0.08857632254841885
2017-02-28,0.003260028726902009,0.002650826527700767,-0.0054264853753959175
2017-03-31,0.009466314090261774,0.01060297336904914,0.0563303117208771
2017-04-30,0.007862883473609195,0.008412675358196786,0.03969724953243525
2017-05-31,0.016549633180982903,0.017565065625680054,0.1406187499377769
2017-06-30,-0.0068899275927813974,-0.008382801977255272,-0.015306353673735784
2017-07-31,0.02466943024485091,0.028555987323177323,0.07198660782702526
2017-08-31,0.018138498032453487,0.02038177049735923,0.023625474147403125
2017-09-30,0.0017746743566267043,0.0010971683505685004,0.016494507083332666
2017-10-31,0.00631962723541446,0.00435264890472542,0.09297292227193954
2017-11-30,0.0036055034912636508,0.004352528947141998,-0.019876651702577686
2017-12-31,0.007086685393867809,0.005908079466371952,-0.007153941354705595
2018-01-31,0.004862238576463396,0.004344196360308361,0.2284814380699447
2018-02-28,-0.0016315369302201121,0.01054597381798894,-0.0007623682818616029
2018-03-31,-0.02348732968652789,-0.01990693488717188,-0.05950723874523922
2018-04-30,-0.0013513287562365583,-0.0024089666667959087,0.029185559322842947
2018-05-31,-0.0066345096157343075,-0.00558631575630586,0.09092825329172372
2018-06-30,-0.007952813598059216,-0.009276584579321234,0.0332628900845473
2018-07-31,-0.0031744095650968474,-0.005220066920645916,-0.033619322130973295
2018-08-31,0.030390643944180784,0.038624493978896224,0.09202773429898281
2018-09-30,0.0025585116111286332,0.0035263730903027923,-0.01435661244183395
2018-10-31,-0.0005306850930563156,-0.0019060398483312646,-0.1604739336701927
2018-11-30,0.0,0.0,-0.07346456765791987
2018-12-31,-0.004250570253737096,-0.0050575001439767675,-0.10178178903900004
2019-01-31,-0.0059011480746469225,-0.005491233881377178,0.1313369256719652
2019-02-28,0.0009717465321217311,0.00102848335103789,0.024501420696022347
2019-03-31,0.0015618160001455994,0.002117795849999826,0.046618700667694135
2019-04-30,0.005656531602297399,0.0065534216848313065,0.030603751423461167
2019-05-31,-0.011795434822865491,-0.016819540785481202,-0.1335296130752366
2019-06-30,0.009984386845651283,0.007437714238424542,0.1019312118726432
2019-07-31,-0.011300539616411975,-0.011900308113016234,-0.008070980885775514
2019-08-31,-0.010356256780824857,-0.010500500574957106,-0.045479794651267724
2019-09-30,0.0025605125947663065,0.0029257110060707525,-0.01015502878211283
2019-10-31,-0.003253789095845172,-0.0038679548074534997,0.10250515503071966
2019-11-30,0.0009720804961084184,0.0008990059596598599,0.05988112052183525
2019-12-31,0.00044353457027046517,0.00041686258657125386,0.06813391114796308
2020-01-31,7.539146883828174e-05,-0.003423494296469154,0.10142409029420407
2020-02-29,0.004148540550031443,0.0076457917795895725,0.03673012011285115
2020-03-31,-0.05708707588253059,-0.05588614532791547,-0.06016956575420518
2020-04-30,0.01801876269646363,0.024944099870354286,0.2031443793787977
2020-05-31,-0.005975564766334096,-0.005145077576025003,0.08640271951406664
2020-06-30,-0.0010676517138737962,-0.0008844870378719172,0.1076963049449744
2020-07-31,0.012101862278242947,0.011194725785472981,0.15031775492874155
2020-08-31,0.01512517490495946,0.01956200123458829,0.29675758937143093
2020-09-30,0.0,0.0,-0.07136575675469392
2020-10-31,0.0,0.0,-0.056598319267910924
2020-11-30,0.0,0.0,0.1689567017006255
2020-12-31,0.0,0.0,0.09186593759215289
2021-01-31,0.02276142984350127,0.021940055777660783,0.04342231664086027
2021-02-28,-0.0010307245591923975,-0.0003415633164036702,-0.0451624545646111
2021-03-31,-0.026779543244035198,-0.02975141113822022,-0.006828713919724505
2021-04-30,0.0048205830134613326,0.004313686444820775,0.08269913797580597
2021-05-31,0.008482124586406847,0.008202471670238243,-0.029677112406316875
2021-06-30,0.0024560616675624036,0.0010727688113125744,0.12030404952477092
2021-07-31,0.012433773196052655,0.015016818228589246,-0.0017964845981270905
2021-08-31,0.003412958598604021,0.007361254087670632,0.09708838560393485
2021-09-30,-0.020919431076800832,-0.019630967344376526,-0.017558199533246666
2021-10-31,0.017565207781156778,0.020083049307569212,0.25025670193094407
2021-11-30,0.00358481886131079,0.0036923326304663107,0.09435320157636484
2021-12-31,0.020068765785860476,0.027148667374947033,-0.07280966973019676
2022-01-31,-0.04476265445618677,-0.04727995412392838,-0.14427407356406752
2022-02-28,0.0012590251244180006,0.001013994562113929,-0.047751891702690785
2022-03-31,-0.006093026454097483,-0.006383092144186864,0.13853872032331727
2022-04-30,0.002185045248572104,0.0018900192367554691,-0.25737974889114923
2022-05-31,0.0,0.0,-0.05718477215993334
2022-06-30,0.0,0.0,-0.1368991462684611
2022-07-31,0.0,0.0,0.24260347774085145
2022-08-31,-0.00524644145591624,-0.005246299884986039,-0.0969176107779961
2022-09-30,0.0,0.0,-0.09583876518075485
2022-10-31,-0.0042432757997376,-0.005117461544263846,-0.042313565295075795
2022-11-30,-0.0019741000445863133,-0.0024301744465216046,0.025905961330037863
2022-12-31,-0.0002449472971197686,-0.00030167508996103987,-0.2071577073002353
2023-01-31,0.0018248686313762086,0.002593681706047235,0.3138953497732315
2023-02-28,0.006782240153918373,0.00603605348753633,0.12309313986004122
2023-03-31,0.0017796652938868451,0.0015856335808297484,0.11731009381723556
2023-04-30,0.0,0.0,-0.05764675994903079
2023-05-31,-0.001977088039165964,-0.0022655957884627487,0.28162081600095834
2023-06-30,-0.00408071423446521,-0.004441418303922973,0.14657862215516548
2023-07-31,0.010529241533059341,0.00949219437978055,0.07121605668968645
2023-08-31,-0.007596924769614821,-0.009018340415411608,0.02092461995438044
2023-09-30,-0.004007985717440432,-0.00242298536121488,-0.08711383332697475
2023-10-31,0.0006828889536816263,-0.001676869146723492,-0.08032667640838986
2023-11-30,0.0020984359644908857,0.00035349720250543726,0.14854862953719117
2023-12-31,0.01694938141542557,0.01742047344167874,0.05073375729641727
2024-01-31,0.0057295740598657385,0.0033870189377798177,0.093202222339412
2024-02-29,-0.0018593979365703062,-0.0004998194649545873,0.21468824405755882
2024-03-31,0.006741918763205401,0.0052968982170829015,0.08108891125210915
2024-04-30,-0.014304139648599778,-0.014008835402379405,-0.029115952432784198
