caso,calmar,sharpe,mdd,cagr,n_operaciones,costos_totales,parametro,factor
ema_fast,0.24258973037546244,0.4104734748428472,0.08843367652908996,0.021453101745302794,294,81716.74816329179,ema_fast,-0.2
ema_fast,0.2571752176420121,0.39709344813343844,0.08111949214086432,0.020861923046336273,302,83662.82291459154,ema_fast,-0.1
ema_fast,0.12967379715806931,0.28334008180483694,0.11368958005154284,0.01474255954258985,307,83982.67582489844,ema_fast,0.0
ema_fast,0.15476282620059378,0.34420706904162784,0.11908473352884212,0.018429889918268216,310,86547.55771960175,ema_fast,0.1
ema_fast,0.1283024053691534,0.2888369009313382,0.11970173119389398,0.01535802003902842,313,86923.80733773534,ema_fast,0.2
ema_gap,0.2378348874831625,0.4056860879677495,0.0884795441183152,0.021043522419941008,298,82813.8688022258,ema_gap,-0.2
ema_gap,0.1276083081401753,0.29394328255295693,0.11967356936115399,0.01527134171527278,306,83735.26534884155,ema_gap,-0.1
ema_gap,0.12967379715806931,0.28334008180483694,0.11368958005154284,0.01474255954258985,307,83982.67582489844,ema_gap,0.0
ema_gap,0.1401760681836959,0.3160330391106633,0.11904040598871628,0.016686616066489135,306,84533.48447330549,ema_gap,0.1
ema_gap,0.13653999809486791,0.304704946455706,0.11904040598871726,0.016253776806911757,308,85922.9019655427,ema_gap,0.2
rsi_window,0.12715097418208687,0.29470060475965926,0.12623038949819473,0.016050316996079728,334,92231.44687672354,rsi_window,-0.2
rsi_window,0.15345461039247055,0.3322568870092001,0.11922823485344759,0.01829612232721778,324,90604.5350330257,rsi_window,-0.1
rsi_window,0.12967379715806931,0.28334008180483694,0.11368958005154284,0.01474255954258985,307,83982.67582489844,rsi_window,0.0
rsi_window,0.0829337628204758,0.20808826312330975,0.12242715062483393,0.010153344272706644,292,79673.52498124799,rsi_window,0.1
rsi_window,0.09227541511337471,0.21600647206999668,0.11468931663719091,0.010583004301766064,289,78707.64009463045,rsi_window,0.2
rsi_lower,0.17478691791375445,0.3248029204952924,0.0895113202725625,0.015645407788832166,268,71557.05843555144,rsi_lower,-0.2
rsi_lower,0.1665901736440478,0.2770577782658281,0.08215042984214128,0.013685454372335482,288,78126.97683931822,rsi_lower,-0.1
rsi_lower,0.12967379715806931,0.28334008180483694,0.11368958005154284,0.01474255954258985,307,83982.67582489844,rsi_lower,0.0
rsi_lower,0.12460615344586667,0.297269513220965,0.12912220928973436,0.01608942182402595,329,91224.69572332271,rsi_lower,0.1
rsi_lower,0.11400480458082485,0.2712378022531305,0.1314555663380049,0.014986566151425906,346,95616.20084835771,rsi_lower,0.2
rsi_upper,-0.0005880211601618396,0.02680539077742721,0.1432614362193667,-8.42407559321634e-05,338,85083.63701564632,rsi_upper,-0.2
rsi_upper,0.04386161294404986,0.11558566953843127,0.11407022582353468,0.00500330409351224,320,83637.80923581438,rsi_upper,-0.1
rsi_upper,0.12967379715806931,0.28334008180483694,0.11368958005154284,0.01474255954258985,307,83982.67582489844,rsi_upper,0.0
rsi_upper,0.11977704437157125,0.2768082245237779,0.11977320366698058,0.014346080330145172,304,83504.77775533005,rsi_upper,0.1
rsi_upper,0.11749519056374465,0.2721220718943421,0.11977320366697969,0.014072775389281977,303,83180.64716811817,rsi_upper,0.2
bb_window,0.12737202195594455,0.28559398187188995,0.12304333163908163,0.01567227793906567,338,93772.49965822289,bb_window,-0.2
bb_window,0.2482265558550833,0.41878710797451946,0.09517465763358579,0.023624877469071714,329,92294.49702598483,bb_window,-0.1
bb_window,0.12967379715806931,0.28334008180483694,0.11368958005154284,0.01474255954258985,307,83982.67582489844,bb_window,0.0
bb_window,0.1212950659003575,0.26748788859674566,0.1104900198316328,0.013401894236809708,298,79574.28928991915,bb_window,0.1
bb_window,0.17228748966555923,0.3623182897018746,0.10751591116595852,0.018523646433888263,291,79444.26129104185,bb_window,0.2
bb_k,0.18229465992348165,0.35756305082101947,0.1154325242470527,0.021042732751725524,368,103123.26106808856,bb_k,-0.2
bb_k,0.11611989404918982,0.263469654102932,0.1217164869815232,0.014133705572334065,339,92960.08540990204,bb_k,-0.1
bb_k,0.12967379715806931,0.28334008180483694,0.11368958005154284,0.01474255954258985,307,83982.67582489844,bb_k,0.0
bb_k,0.16444437785628058,0.3393144055308995,0.102768029148154,0.016899624616784292,282,77386.01743057897,bb_k,0.1
bb_k,0.17545526036116088,0.41928670265560464,0.1116219339473739,0.01958465548275279,256,71144.53723752752,bb_k,0.2
m_sl,0.12421199274518731,0.2663843351636683,0.10764666862565278,0.013371007222373166,326,90388.56554570698,m_sl,-0.2
m_sl,0.18921113988928043,0.3341056583050073,0.09231361510952739,0.01746676434217398,312,87002.30484593796,m_sl,-0.1
m_sl,0.12967379715806931,0.28334008180483694,0.11368958005154284,0.01474255954258985,307,83982.67582489844,m_sl,0.0
m_sl,0.10750367102338326,0.24405629900578127,0.11699269344135571,0.012577144027859033,298,80661.44616675109,m_sl,0.1
m_sl,0.0818728804230621,0.2126567240274701,0.1314255706791745,0.010760190032748751,290,77922.75119463707,m_sl,0.2
m_tp,0.14014233703867018,0.28173173359241255,0.10146670735114116,0.014219781499807738,311,86335.16808474998,m_tp,-0.2
m_tp,0.14513794747967934,0.3021148663899239,0.1076574992352331,0.01562518846979688,308,85466.26214949123,m_tp,-0.1
m_tp,0.12967379715806931,0.28334008180483694,0.11368958005154284,0.01474255954258985,307,83982.67582489844,m_tp,0.0
m_tp,0.15598254097456668,0.3288441952500713,0.1126585771718634,0.017572771129846565,305,85088.38534629965,m_tp,0.1
m_tp,0.08397542412374334,0.2062092665744026,0.12553536415094288,0.010541885447103994,298,81684.77380169649,m_tp,0.2
max_hold,-0.004065346741509964,0.017997968846474272,0.13508758038368954,-0.0005491778547312975,311,81636.52456352362,max_hold,-0.2
max_hold,0.05160346986441832,0.12808225707730247,0.10885525777043628,0.005617309013940197,309,82564.05085794217,max_hold,-0.1
max_hold,0.12967379715806931,0.28334008180483694,0.11368958005154284,0.01474255954258985,307,83982.67582489844,max_hold,0.0
max_hold,0.1287843737501607,0.2636838427814878,0.10672961961764976,0.013745107223051889,302,82543.70836553496,max_hold,0.1
max_hold,0.1863984684147121,0.3350712909020028,0.09707620557972697,0.018094856039572838,300,83915.41310922803,max_hold,0.2
m_regimen,0.13088678446199656,0.2823130520656888,0.09166146203145517,0.011997274024382554,307,66407.55996542118,m_regimen,-0.2
delta,0.12967379715806931,0.28334008180483694,0.11368958005154284,0.01474255954258985,307,83982.67582489844,delta,-0.2
ventana_cov,0.1490305017235151,0.30613906271680247,0.10750015684891347,0.016020802310550142,306,83947.21098757931,ventana_cov,-0.2
m_regimen,0.1302840427442536,0.28282556610922105,0.10271968385894743,0.013382735682555325,307,75147.91009882533,m_regimen,-0.1
delta,0.12967379715806931,0.28334008180483694,0.11368958005154284,0.01474255954258985,307,83982.67582489844,delta,-0.1
ventana_cov,0.12783641776790652,0.2782942343796514,0.11283260925866122,0.014424116575033175,307,83525.61619755521,ventana_cov,-0.1
m_regimen,0.12967379715806931,0.28334008180483694,0.11368958005154284,0.01474255954258985,307,83982.67582489844,m_regimen,0.0
delta,0.12967379715806931,0.28334008180483694,0.11368958005154284,0.01474255954258985,307,83982.67582489844,delta,0.0
ventana_cov,0.12967379715806931,0.28334008180483694,0.11368958005154284,0.01474255954258985,307,83982.67582489844,ventana_cov,0.0
m_regimen,0.12127208564489637,0.27237833770073905,0.11834641510497773,0.014352116588377317,307,86094.57843099415,m_regimen,0.1
delta,0.12967379715806931,0.28334008180483694,0.11368958005154284,0.01474255954258985,307,83982.67582489844,delta,0.1
ventana_cov,0.1321803981808997,0.28677422175452744,0.11324888082541111,0.014969282161044095,307,84076.657086669,ventana_cov,0.1
m_regimen,0.113459008589068,0.2614882210882875,0.12300525384947573,0.013956054153008157,307,88197.7922988151,m_regimen,0.2
delta,0.12967379715806931,0.28334008180483694,0.11368958005154284,0.01474255954258985,307,83982.67582489844,delta,0.2
ventana_cov,0.13609678136913983,0.29202096304736636,0.11236116903676087,0.015291993456777009,307,84117.86197706859,ventana_cov,0.2
