caso,calmar,sharpe,mdd,cagr,n_operaciones,costos_totales,slippage_bps
0.0 bps,0.12967379715806931,0.28334008180483694,0.11368958005154284,0.01474255954258985,307,83982.67582489844,0.0
2.5 bps,0.10911983090578399,0.24814063785511778,0.11635075829476903,0.01269617507088494,307,99989.98687995045,2.5
5.0 bps,0.08952289549552322,0.21296457460787385,0.1190043295123427,0.010653612154448266,307,115743.67214512688,5.0
7.5 bps,0.06929026201148884,0.17781438636377456,0.12433008530026217,0.008614864186365923,307,131247.65782752255,7.5
10.0 bps,0.0497996518061504,0.14269255511488899,0.1321279232213565,0.006579924570293327,307,146505.81014448876,10.0
12.5 bps,0.03252445574778876,0.10760154970057013,0.13985742776811674,0.004548786720443676,307,161521.93623041143,12.5
15.0 bps,0.01709231248027241,0.07254382497512382,0.14751918820121535,0.0025214440615712874,307,176299.78502991924,15.0
17.5 bps,0.003209837325678154,0.03752182098802216,0.1551137887811052,0.0004978900289569488,307,190843.04817772313,17.5
20.0 bps,-0.009357261473837962,0.0025379621768850586,0.16264180880976756,-0.0015218819316109577,307,205155.36086528387,20.0
