caso,calmar,sharpe,mdd,cagr,n_operaciones,costos_totales,nivel
2 de 3,0.03769204842898649,0.10969700390791409,0.10842481384970738,0.004086753334527016,286,70969.60002847451,portafolio
2 de 3,0.06528258321378641,,,,67,,NVDA
2 de 3,-0.030472319671282926,,,,61,,AMZN
2 de 3,0.15323351271067803,,,,65,,TSLA
2 de 3,0.01891215858141845,,,,62,,META
2 de 3,0.05353981528553272,,,,62,,NFLX
2 de 3,0.02507687110545206,,,,60,,GOOGL
solo EMA,0.13008801950805424,0.3898060367134742,0.3512970402004787,0.04569953621872158,1508,451878.62624192936,portafolio
solo EMA,0.19748068648773448,,,,274,,NVDA
solo EMA,-0.07209737446478234,,,,278,,AMZN
solo EMA,-0.030643957233335337,,,,248,,TSLA
solo EMA,0.4538280673446382,,,,220,,META
solo EMA,-0.04219242595287933,,,,235,,NFLX
solo EMA,-0.08425970143390314,,,,253,,GOOGL
solo RSI,-0.13691521056775735,-0.6452407222811398,0.4259969651871676,-0.05832546418982665,706,171725.0133253337,portafolio
solo RSI,-0.24045900742728102,,,,153,,NVDA
solo RSI,0.07004487885537619,,,,102,,AMZN
solo RSI,-0.24145360515195008,,,,134,,TSLA
solo RSI,-0.2259179263833727,,,,109,,META
solo RSI,-0.025940322312328352,,,,112,,NFLX
solo RSI,-0.0526712558391047,,,,96,,GOOGL
solo Bollinger,-0.1701589169111042,-0.8358933048927678,0.5016461437800707,-0.08535956449824889,850,187305.66351443625,portafolio
solo Bollinger,-0.32379639944155836,,,,147,,NVDA
solo Bollinger,-0.17048754501137744,,,,140,,AMZN
solo Bollinger,-0.2558901497759059,,,,140,,TSLA
solo Bollinger,-0.23499974192919704,,,,147,,META
solo Bollinger,-0.09577608197163831,,,,128,,NFLX
solo Bollinger,-0.0021676523891542843,,,,148,,GOOGL
