k,train_ini,train_fin,variante,cagr_is,calmar_is,mdd_is,n_operaciones_is,esquema
0,2016-01-04,2016-06-30,por_activo,0.07224751431170517,1.6692350889775094,0.043281809008676196,25,rolling
1,2016-02-01,2016-07-29,por_activo,0.08895194453533883,6.2614347589310295,0.014206319790917212,27,rolling
2,2016-03-01,2016-08-31,por_activo,0.10760736300943763,5.628924420631644,0.019116860516908946,29,rolling
3,2016-04-01,2016-09-30,por_activo,0.19373356020438925,10.148858080603464,0.01908919788470129,30,rolling
4,2016-05-02,2016-10-31,por_activo,0.21719407521789003,21.719407521789,0.008865156261709984,26,rolling
5,2016-06-01,2016-11-30,por_activo,0.19321882424593717,12.663528261171393,0.015257898135575699,24,rolling
6,2016-07-01,2016-12-30,por_activo,0.14456351263236278,14.456351263236277,0.0073054560943750175,22,rolling
7,2016-08-01,2017-01-31,por_activo,0.09459888937210903,9.459888937210902,0.005294153033725608,22,rolling
8,2016-09-01,2017-02-28,por_activo,0.1900982619503262,13.133524307392792,0.014474276477588036,31,rolling
9,2016-10-03,2017-03-31,por_activo,0.1172673746161752,11.72673746161752,0.00979598495845215,20,rolling
10,2016-11-01,2017-04-28,por_activo,0.1457979986176332,14.57979986176332,0.007943951255261475,23,rolling
11,2016-12-01,2017-05-31,por_activo,0.16354074451983758,16.354074451983756,0.007620070906158357,22,rolling
12,2017-01-03,2017-06-30,por_activo,0.25844921725927095,23.646285140801595,0.010929802111424157,25,rolling
13,2017-02-01,2017-07-31,por_activo,0.525824460745884,33.92032277853639,0.015501752862994794,23,rolling
14,2017-03-01,2017-08-31,por_activo,0.29947333866362613,22.623684520230782,0.013237160304097594,28,rolling
15,2017-04-03,2017-09-29,por_activo,0.32526339847821095,17.694633224136815,0.018382036765505098,28,rolling
16,2017-05-01,2017-10-31,por_activo,0.20063727077408067,8.488137162347321,0.023637373776674006,33,rolling
17,2017-06-01,2017-11-30,por_activo,0.11979072027582971,5.065104473779895,0.02365019732484105,34,rolling
18,2017-07-03,2017-12-29,por_activo,0.3654541432535341,24.65476172509989,0.014822862509414638,35,rolling
19,2017-08-01,2018-01-31,por_activo,0.20856530629255898,14.047898152370212,0.014846726822074026,37,rolling
20,2017-09-01,2018-02-28,por_activo,0.2860341328284255,20.112740844726158,0.014221539224149435,34,rolling
21,2017-10-02,2018-03-29,por_activo,0.30874787825700034,15.26640870330587,0.020224001876102165,31,rolling
22,2017-11-01,2018-04-30,por_activo,0.19102126249773677,11.163197344427155,0.017111698073948106,32,rolling
23,2017-12-01,2018-05-31,por_activo,0.0998863435071935,2.3157998052699025,0.04313254681164114,30,rolling
24,2018-01-02,2018-06-29,por_activo,0.10332724240557511,3.817411531735479,0.02706735743489523,23,rolling
25,2018-02-01,2018-07-31,por_activo,0.05359897924213142,1.3024407331335166,0.04115272033390624,26,rolling
26,2018-03-01,2018-08-31,por_activo,0.21480423987464747,11.564932801035916,0.018573755988915613,24,rolling
27,2018-04-02,2018-09-28,por_activo,0.23907633738768252,17.74840641327787,0.013470298787435116,18,rolling
28,2018-05-01,2018-10-31,por_activo,0.19689261546291625,7.605262193966069,0.025888997702029088,20,rolling
29,2018-06-01,2018-11-30,por_activo,0.1199456659337701,7.681645558392048,0.015614579587407779,19,rolling
30,2018-07-02,2018-12-31,por_activo,0.2596628761697972,6.405705503474537,0.04053618700218933,35,rolling
31,2018-08-01,2019-01-31,por_activo,0.16730006037028589,10.852461345045818,0.015415863282172287,23,rolling
32,2018-09-04,2019-02-28,por_activo,0.0813754308545287,4.01945935949934,0.020245367243783934,19,rolling
33,2018-10-01,2019-03-29,por_activo,0.024766757523274174,1.3109800695987457,0.018891787981837577,19,rolling
34,2018-11-01,2019-04-30,por_activo,0.032109443921864766,3.2109443921864766,0.0022283027801366173,6,rolling
35,2018-12-03,2019-05-31,por_activo,-0.007441198443928654,-0.36987053078832216,0.020118386907085794,16,rolling
36,2019-01-02,2019-06-28,por_activo,-0.02572862095200601,-0.7014675862003019,0.03667827488846973,24,rolling
37,2019-02-01,2019-07-31,por_activo,0.05192906447894763,2.6942762783454395,0.01927384540936439,25,rolling
38,2019-03-01,2019-08-30,por_activo,0.16202893099763127,5.762552625455805,0.028117562047394778,36,rolling
39,2019-04-01,2019-09-30,por_activo,0.12106517474728329,2.868655640202408,0.0422027562495236,38,rolling
40,2019-05-01,2019-10-31,por_activo,0.11745966365823945,6.347726635027446,0.018504209524412132,31,rolling
41,2019-06-03,2019-11-29,por_activo,0.1442322209594984,5.238243443551467,0.027534463129439943,34,rolling
42,2019-07-01,2019-12-31,por_activo,0.16787513835995416,7.204963531995381,0.023299928946824512,31,rolling
43,2019-08-01,2020-01-31,por_activo,0.16932515139903526,15.556262202036498,0.010884693842256567,27,rolling
44,2019-09-03,2020-02-28,por_activo,0.3256549514885747,32.56549514885747,0.007527121572692332,27,rolling
45,2019-10-01,2020-03-31,por_activo,0.19314913466818862,5.900907924520416,0.03273210447253105,32,rolling
46,2019-11-01,2020-04-30,por_activo,0.34581754114124763,3.600816751021992,0.09603863930123545,27,rolling
47,2019-12-02,2020-05-29,por_activo,0.35182731843886716,4.246646879423139,0.08284826321294204,24,rolling
48,2020-01-02,2020-06-30,por_activo,0.24857496104512555,3.267669321939118,0.07607102694761501,18,rolling
49,2020-02-03,2020-07-31,por_activo,-0.03969248738744091,-0.43538174908176563,0.09116709065355556,23,rolling
50,2020-03-02,2020-08-31,por_activo,-0.10370917373930688,-1.1286413313756125,0.09188851307873326,13,rolling
51,2020-04-01,2020-09-30,por_activo,0.015116034422826052,1.5116034422826052,0.00043129695965111255,1,rolling
52,2020-05-01,2020-10-30,por_activo,0.0,0.0,0.0,0,rolling
53,2020-06-01,2020-11-30,por_activo,0.0339243089504635,3.39243089504635,0.0064064379553095355,5,rolling
54,2020-07-01,2020-12-31,por_activo,0.011952946881086168,1.1952946881086168,0.0025618520195682544,1,rolling
55,2020-08-03,2021-01-29,por_activo,0.07475915233504749,7.4759152335047485,0.009159472568666786,6,rolling
56,2020-09-01,2021-02-26,por_activo,0.11776518205355413,10.16917085400142,0.011580608069655477,12,rolling
57,2020-10-01,2021-03-31,por_activo,0.17756707059434396,6.302963829473043,0.028171995809975856,21,rolling
58,2020-11-02,2021-04-30,por_activo,0.23017231916440362,5.304352990805895,0.04339309988670896,26,rolling
59,2020-12-01,2021-05-28,por_activo,0.09977023361654358,1.96044288629462,0.050891680810511444,32,rolling
60,2021-01-04,2021-06-30,por_activo,0.17186297467938205,3.5535830569500257,0.04836329190146715,35,rolling
61,2021-02-01,2021-07-30,por_activo,0.13957133417931655,2.330940278171348,0.05987769634699179,33,rolling
62,2021-03-01,2021-08-31,por_activo,0.16471574058757632,5.579651123457513,0.029520795645285397,34,rolling
63,2021-04-01,2021-09-30,por_activo,0.20072506147280467,18.082517282128375,0.01110050433471388,29,rolling
64,2021-05-03,2021-10-29,por_activo,0.31738272123354694,10.534209041285013,0.030128766193045952,34,rolling
65,2021-06-01,2021-11-30,por_activo,0.15151431264185855,6.360300451099056,0.023821879769166717,27,rolling
66,2021-07-01,2021-12-31,por_activo,0.24493174589021938,8.360497226125052,0.029296313277259598,23,rolling
67,2021-08-02,2022-01-31,por_activo,0.12246638406676102,3.528554907350927,0.03470723491127506,29,rolling
68,2021-09-01,2022-02-28,por_activo,0.08472786521626707,1.752919690029849,0.048335280673825004,36,rolling
69,2021-10-01,2022-03-31,por_activo,0.22566759356577215,7.837045929809836,0.028794981627885893,33,rolling
70,2021-11-01,2022-04-29,por_activo,0.08621239006983039,3.0460566493957097,0.028302950336440258,24,rolling
71,2021-12-01,2022-05-31,por_activo,0.08970627009387733,3.294312128928964,0.027230652889907652,23,rolling
72,2022-01-03,2022-06-30,por_activo,-0.03046366113841037,-0.987733845540932,0.03084197354979464,13,rolling
73,2022-02-01,2022-07-29,por_activo,0.042646937378635785,4.2646937378635785,0.004355920242470309,3,rolling
74,2022-03-01,2022-08-31,por_activo,0.033449767982907774,3.2174138510797317,0.010396476652104412,7,rolling
75,2022-04-01,2022-09-30,por_activo,0.013904518176258263,1.3904518176258263,0.004680453709906171,2,rolling
76,2022-05-02,2022-10-31,por_activo,0.019732681534609275,1.9732681534609275,0.004630088661005953,3,rolling
77,2022-06-01,2022-11-30,por_activo,0.00904382289853256,0.9043822898532561,0.003867126130545601,5,rolling
78,2022-07-01,2022-12-30,por_activo,-0.008541757301682495,-0.7727106063985061,0.011054277281755466,2,rolling
79,2022-08-01,2023-01-31,por_activo,0.03597092610551367,3.5970926105513668,0.005311751790449498,6,rolling
80,2022-09-01,2023-02-28,por_activo,0.018404707241113982,1.8404707241113982,0.006425388740887174,2,rolling
81,2022-10-03,2023-03-31,por_activo,0.05994588443318727,3.5461416343705987,0.016904537554892955,8,rolling
82,2022-11-01,2023-04-28,por_activo,0.017744563383078393,1.0399976921422964,0.01706211803847976,11,rolling
83,2022-12-01,2023-05-31,por_activo,0.0417883380766082,2.381405764972677,0.017547760525005555,10,rolling
84,2023-01-03,2023-06-30,por_activo,-0.03347697596551358,-1.051678759936375,0.031831940741618554,8,rolling
85,2023-02-01,2023-07-31,por_activo,-0.01693339567463492,-0.5744799404335409,0.029476043431309107,11,rolling
86,2023-03-01,2023-08-31,por_activo,0.04780706725231765,2.0308215383159305,0.023540752523218713,16,rolling
87,2023-04-03,2023-09-29,por_activo,0.07827237436407164,3.6234300867647034,0.021601734403535754,17,rolling
88,2023-05-01,2023-10-31,por_activo,0.11291305464908707,4.304918609753716,0.02622884771694832,26,rolling
89,2023-06-01,2023-11-30,por_activo,0.278267722208581,15.725733264128534,0.017695055456862452,34,rolling
90,2023-07-03,2023-12-29,por_activo,0.45099965287922195,19.609248606318065,0.022999333729386787,30,rolling
91,2023-08-01,2024-01-31,por_activo,0.36448827436454123,22.676867083137846,0.016073131840842726,33,rolling
92,2023-09-01,2024-02-29,por_activo,0.22429868418083032,21.851647538045743,0.010264612029381563,22,rolling
93,2023-10-02,2024-03-28,por_activo,0.14772979952656362,9.040506687756762,0.016340876084592566,30,rolling
94,2023-11-01,2024-04-26,por_activo,0.08476746751112807,5.312513110206432,0.01595618980182323,20,rolling
0,2016-01-04,2016-06-30,compartido,-0.05811979407152934,-0.815423925393015,0.07127555650702422,29,rolling
1,2016-02-01,2016-07-29,compartido,0.0921038015636817,3.7468221536607995,0.02458184503731849,26,rolling
2,2016-03-01,2016-08-31,compartido,0.07281632157244577,2.9621991946455686,0.024581845037318077,25,rolling
3,2016-04-01,2016-09-30,compartido,0.10515393460903022,4.283458991505958,0.024548836540176776,38,rolling
4,2016-05-02,2016-10-31,compartido,0.1052181124368834,5.135741584429475,0.020487423424084134,38,rolling
5,2016-06-01,2016-11-30,compartido,0.07739424122571004,7.739424122571004,0.00690328064468217,22,rolling
6,2016-07-01,2016-12-30,compartido,0.110529238335763,6.714255592078684,0.016461875306945824,29,rolling
7,2016-08-01,2017-01-31,compartido,0.11388718973989187,11.388718973989187,0.008914432294199977,23,rolling
8,2016-09-01,2017-02-28,compartido,0.12461262983632371,6.726276633645132,0.018526242172824982,30,rolling
9,2016-10-03,2017-03-31,compartido,0.061036591838099286,6.103659183809929,0.004505013760332685,21,rolling
10,2016-11-01,2017-04-28,compartido,0.03500371896519905,3.2933266000761146,0.010628681335276632,20,rolling
11,2016-12-01,2017-05-31,compartido,0.14389496929711698,14.389496929711697,0.007206534539505106,19,rolling
12,2017-01-03,2017-06-30,compartido,0.17793443519262508,8.734539775991811,0.020371357822618712,26,rolling
13,2017-02-01,2017-07-31,compartido,0.16355742703007614,13.207123755019413,0.012384030774900218,19,rolling
14,2017-03-01,2017-08-31,compartido,0.15660669923568937,6.882894906210771,0.02275302781310456,35,rolling
15,2017-04-03,2017-09-29,compartido,0.34029262326154597,9.911874031142448,0.034331814770079724,32,rolling
16,2017-05-01,2017-10-31,compartido,0.10129549847405173,3.8159477172454497,0.026545305643540656,34,rolling
17,2017-06-01,2017-11-30,compartido,0.1131939419775656,4.483062155464611,0.02524924662032363,31,rolling
18,2017-07-03,2017-12-29,compartido,0.2588963097778252,23.320507413275248,0.01110165851839261,37,rolling
19,2017-08-01,2018-01-31,compartido,0.1932941657216405,10.314578873476014,0.018739898942330774,31,rolling
20,2017-09-01,2018-02-28,compartido,0.18879448715830294,11.727394826577694,0.016098587107380373,32,rolling
21,2017-10-02,2018-03-29,compartido,0.1362157105875732,6.94399193306164,0.01961634055751488,33,rolling
22,2017-11-01,2018-04-30,compartido,0.05163049190009961,2.95565680870383,0.01746836498339656,28,rolling
23,2017-12-01,2018-05-31,compartido,0.1047906188133012,1.8647983537519905,0.05619407514086527,28,rolling
24,2018-01-02,2018-06-29,compartido,-0.010626200456428259,-0.3297772960145388,0.03222235303900298,26,rolling
25,2018-02-01,2018-07-31,compartido,-0.002112676248955614,-0.0251786844060362,0.08390733268212903,31,rolling
26,2018-03-01,2018-08-31,compartido,0.040202306610523264,0.4895360557727167,0.08212328006578644,30,rolling
27,2018-04-02,2018-09-28,compartido,0.0976103669285493,2.408800668235439,0.0405223928304759,19,rolling
28,2018-05-01,2018-10-31,compartido,0.05913488718888704,1.459313803019369,0.0405223928304762,26,rolling
29,2018-06-01,2018-11-30,compartido,0.06765512384861827,2.3720571093343197,0.0285217095247781,21,rolling
30,2018-07-02,2018-12-31,compartido,0.034216750503941684,0.8459138320224108,0.040449451479161035,33,rolling
31,2018-08-01,2019-01-31,compartido,0.027921038611200766,1.2968772530958914,0.021529438151951515,20,rolling
32,2018-09-04,2019-02-28,compartido,-0.004057488574605195,-0.21304140425376403,0.01904553994477112,13,rolling
33,2018-10-01,2019-03-29,compartido,-0.036063154499218375,-1.101380459261293,0.03274359391068759,14,rolling
34,2018-11-01,2019-04-30,compartido,0.01564786889150782,1.5647868891507821,0.003821418230792027,4,rolling
35,2018-12-03,2019-05-31,compartido,-0.049946853496096955,-1.0808435680530648,0.046210992018083395,26,rolling
36,2019-01-02,2019-06-28,compartido,0.017386915251450308,0.8255770795086763,0.021060317301683982,19,rolling
37,2019-02-01,2019-07-31,compartido,-0.03626340886789303,-1.3921150904401909,0.02604914573293393,23,rolling
38,2019-03-01,2019-08-30,compartido,-0.10463633593803268,-1.1758065800783541,0.08899111274837385,38,rolling
39,2019-04-01,2019-09-30,compartido,-0.05265762985565725,-0.8659172059719602,0.0608113910804567,43,rolling
40,2019-05-01,2019-10-31,compartido,-0.005462541413489341,-0.123720280104889,0.0441523524587743,31,rolling
41,2019-06-03,2019-11-29,compartido,0.05311615784008561,2.1993811584191936,0.024150501442989025,25,rolling
42,2019-07-01,2019-12-31,compartido,0.044535531229479286,1.5519774404662876,0.028695991364474153,32,rolling
43,2019-08-01,2020-01-31,compartido,0.05850039451824429,5.629502433140972,0.010391752239745295,29,rolling
44,2019-09-03,2020-02-28,compartido,0.10798175503350627,9.707121731779086,0.011123972483006636,26,rolling
45,2019-10-01,2020-03-31,compartido,0.13939904387316515,4.378593153312789,0.031836491537857906,30,rolling
46,2019-11-01,2020-04-30,compartido,0.012296666401059086,0.152366719124581,0.0807044115126273,18,rolling
47,2019-12-02,2020-05-29,compartido,0.03158729473902433,0.23253211145937444,0.13584057075292558,21,rolling
48,2020-01-02,2020-06-30,compartido,0.12268963342410522,1.4702738883841968,0.08344678797155189,35,rolling
49,2020-02-03,2020-07-31,compartido,-0.13966995277027838,-0.9549975254926184,0.1462516383989918,28,rolling
50,2020-03-02,2020-08-31,compartido,-0.24814115977888695,-1.759242123876396,0.141050033085907,21,rolling
51,2020-04-01,2020-09-30,compartido,-0.006222165157539594,-0.6222165157539594,0.0029924740085584345,1,rolling
52,2020-05-01,2020-10-30,compartido,0.03677683508044827,3.6776835080448267,0.00476258527738963,11,rolling
53,2020-06-01,2020-11-30,compartido,0.044195618173335616,4.419561817333562,0.007156275403752577,15,rolling
54,2020-07-01,2020-12-31,compartido,0.031109946864354976,3.1109946864354976,0.002986415793110611,3,rolling
55,2020-08-03,2021-01-29,compartido,0.05508409748673326,5.508409748673326,0.008731950704391818,5,rolling
56,2020-09-01,2021-02-26,compartido,0.04812858360751404,4.812858360751404,0.008731950704391818,6,rolling
57,2020-10-01,2021-03-31,compartido,0.03926043840876603,0.5013264437575756,0.0783131209167794,28,rolling
58,2020-11-02,2021-04-30,compartido,0.03496433836640955,0.47633191887449133,0.07340330761168727,31,rolling
59,2020-12-01,2021-05-28,compartido,0.09161943160047259,1.7378952062534867,0.05271861690555185,32,rolling
60,2021-01-04,2021-06-30,compartido,-0.054881434489681635,-1.0064096137911083,0.054531906032718895,31,rolling
61,2021-02-01,2021-07-30,compartido,0.0351872215544613,0.6184515206522719,0.056895682813342986,35,rolling
62,2021-03-01,2021-08-31,compartido,0.04046516407887735,0.6172173146365922,0.06556064309813245,44,rolling
63,2021-04-01,2021-09-30,compartido,0.14806846010197705,6.710176255550967,0.022066254963047805,32,rolling
64,2021-05-03,2021-10-29,compartido,0.03251340123655355,1.822340744120313,0.01784155973105268,32,rolling
65,2021-06-01,2021-11-30,compartido,0.07751549158057425,4.166889366971226,0.01860272369960177,31,rolling
66,2021-07-01,2021-12-31,compartido,0.10956591798300352,3.2473754366452265,0.03373983702241495,20,rolling
67,2021-08-02,2022-01-31,compartido,0.10192328444335774,2.437265641408154,0.04181870154476496,35,rolling
68,2021-09-01,2022-02-28,compartido,0.09185126231322704,3.3159910800976014,0.02769949016585519,35,rolling
69,2021-10-01,2022-03-31,compartido,0.047978606128784795,1.4456334187660396,0.033188639323057614,27,rolling
70,2021-11-01,2022-04-29,compartido,-0.07154729036571483,-1.3658849046721693,0.0523816392735427,23,rolling
71,2021-12-01,2022-05-31,compartido,-0.07042961236874168,-1.2879674951042888,0.054682756076106474,18,rolling
72,2022-01-03,2022-06-30,compartido,-0.027866679777220904,-0.9046854963007596,0.030802615816399384,12,rolling
73,2022-02-01,2022-07-29,compartido,0.013769373851719058,1.3769373851719058,0.004599623596180124,4,rolling
74,2022-03-01,2022-08-31,compartido,0.0719375282618615,2.571030086766819,0.027980041397464177,21,rolling
75,2022-04-01,2022-09-30,compartido,0.0,0.0,0.0,0,rolling
76,2022-05-02,2022-10-31,compartido,-0.0069357309085881225,-0.6731565144048894,0.010303296128270738,4,rolling
77,2022-06-01,2022-11-30,compartido,0.03484083702564922,1.3236350235246552,0.02632208758942698,27,rolling
78,2022-07-01,2022-12-30,compartido,-0.008738360016151137,-0.8738360016151137,0.00420537210766715,1,rolling
79,2022-08-01,2023-01-31,compartido,-0.023367117688554706,-1.416519488767064,0.016496149805106743,9,rolling
80,2022-09-01,2023-02-28,compartido,-0.04607045980658819,-1.7990738666984407,0.025607875618322506,19,rolling
81,2022-10-03,2023-03-31,compartido,0.013623590620062798,1.3623590620062798,0.0008182438893502187,1,rolling
82,2022-11-01,2023-04-28,compartido,0.00696755069963606,0.696755069963606,0.005492947988886923,2,rolling
83,2022-12-01,2023-05-31,compartido,-0.03883228260036542,-2.0448013140703374,0.018990736328835155,7,rolling
84,2023-01-03,2023-06-30,compartido,-0.011348580383526152,-0.7344969005198847,0.015450821338379382,4,rolling
85,2023-02-01,2023-07-31,compartido,0.008683730312612825,0.5112519802368192,0.016985225775732738,11,rolling
86,2023-03-01,2023-08-31,compartido,-0.037501834571499804,-1.3109383208748318,0.028606864239404957,17,rolling
87,2023-04-03,2023-09-29,compartido,-0.061370299207417656,-2.0828189764926437,0.029465018275741838,19,rolling
88,2023-05-01,2023-10-31,compartido,0.16882575635348407,6.922217307922464,0.024388970880799034,33,rolling
89,2023-06-01,2023-11-30,compartido,0.01042359983840635,0.3205344056546849,0.03251944145314561,22,rolling
90,2023-07-03,2023-12-29,compartido,0.0809768325875051,2.7168415620716937,0.029805504199426788,33,rolling
91,2023-08-01,2024-01-31,compartido,0.21535393974410777,7.9941561188131205,0.026938920949680055,30,rolling
92,2023-09-01,2024-02-29,compartido,0.12060924190440447,6.787450391004484,0.01776944728233297,27,rolling
93,2023-10-02,2024-03-28,compartido,0.010870960155421994,0.3947778862978452,0.027536902477917062,33,rolling
94,2023-11-01,2024-04-26,compartido,-0.03646069890184067,-0.8723199705834563,0.04179739101634199,28,rolling
0,2016-01-04,2016-06-30,por_activo,0.07224751431170517,1.6692350889775094,0.043281809008676196,25,anchored
1,2016-01-04,2016-07-29,por_activo,0.15184475326016433,5.048930573889695,0.030074636804360566,34,anchored
2,2016-01-04,2016-08-31,por_activo,0.050579971475177565,0.9489530724152836,0.05330081428203924,36,anchored
3,2016-01-04,2016-09-30,por_activo,0.09764461420906034,2.1565592090902443,0.0452779658436794,45,anchored
4,2016-01-04,2016-10-31,por_activo,0.09662638891953423,2.0670029171823665,0.046747098475918174,40,anchored
5,2016-01-04,2016-11-30,por_activo,0.11222773747062686,4.332091249683547,0.02590613424378467,44,anchored
6,2016-01-04,2016-12-30,por_activo,0.09507854159891904,1.9893690049433097,0.04779331605280965,54,anchored
7,2016-01-04,2017-01-31,por_activo,0.12085734895369415,4.961817176497737,0.02435747724163437,54,anchored
8,2016-01-04,2017-02-28,por_activo,0.13170309182186712,4.208000020990058,0.03129826310953298,57,anchored
9,2016-01-04,2017-03-31,por_activo,0.10293602219915243,2.309996320831842,0.04456111954415781,56,anchored
10,2016-01-04,2017-04-28,por_activo,0.0931825236662811,2.8032655614359308,0.033240705036361146,59,anchored
11,2016-01-04,2017-05-31,por_activo,0.13852067809585256,4.122234869749578,0.033603295899602044,64,anchored
12,2016-01-04,2017-06-30,por_activo,0.14980115747951772,4.770433213819502,0.03140200287168001,62,anchored
13,2016-01-04,2017-07-31,por_activo,0.15069268243459422,6.383793502732709,0.023605507034349913,70,anchored
14,2016-01-04,2017-08-31,por_activo,0.16902416972620982,5.040835740347444,0.03353098145478545,66,anchored
15,2016-01-04,2017-09-29,por_activo,0.15110293492885662,4.38795661860999,0.03443583154127052,73,anchored
16,2016-01-04,2017-10-31,por_activo,0.15006737188314334,7.064754044754912,0.021241698002856576,71,anchored
17,2016-01-04,2017-11-30,por_activo,0.16007142043976064,6.819381001000535,0.023473013227487228,76,anchored
18,2016-01-04,2017-12-29,por_activo,0.1990938563342335,8.109532496912951,0.024550596031278297,83,anchored
19,2016-01-04,2018-01-31,por_activo,0.13618336808683895,4.760694011000712,0.02860578053791212,94,anchored
20,2016-01-04,2018-02-28,por_activo,0.17017113307590814,7.426025997478721,0.022915504623022397,96,anchored
21,2016-01-04,2018-03-29,por_activo,0.15190110917135002,3.798300908371164,0.03999185763207218,87,anchored
22,2016-01-04,2018-04-30,por_activo,0.1640445063429079,4.479040097702874,0.03662492470809538,112,anchored
23,2016-01-04,2018-05-31,por_activo,0.09038708173356858,2.003539435754257,0.04511370234124753,103,anchored
24,2016-01-04,2018-06-29,por_activo,0.14149514560049936,4.120389523399226,0.034340235261002494,111,anchored
25,2016-01-04,2018-07-31,por_activo,0.0881214687512335,4.04336311656626,0.021794102139920786,109,anchored
26,2016-01-04,2018-08-31,por_activo,0.13073746620496896,2.809575407124647,0.04653281982517324,116,anchored
27,2016-01-04,2018-09-28,por_activo,0.09699382614064,1.7210043112388171,0.05635885134466728,116,anchored
28,2016-01-04,2018-10-31,por_activo,0.1462495395756931,4.237583791772095,0.034512483236239136,111,anchored
29,2016-01-04,2018-11-30,por_activo,0.0949593456400395,3.4663401940372993,0.027394698824825644,109,anchored
30,2016-01-04,2018-12-31,por_activo,0.15670130821454364,3.6862373511573288,0.04250982595175153,112,anchored
31,2016-01-04,2019-01-31,por_activo,0.11839203630309791,2.438349081524372,0.04855417839888754,135,anchored
32,2016-01-04,2019-02-28,por_activo,0.1458864517119529,3.583500659047179,0.040710597148527615,134,anchored
33,2016-01-04,2019-03-29,por_activo,0.1268549552820466,3.2546701940274794,0.03897628568167468,124,anchored
34,2016-01-04,2019-04-30,por_activo,0.12118085160101777,3.1902084121823315,0.03798524608557513,145,anchored
35,2016-01-04,2019-05-31,por_activo,0.12871609999679623,2.345104578782928,0.054887147106931086,142,anchored
36,2016-01-04,2019-06-28,por_activo,0.1135559462130642,2.736295928911377,0.04149987763137956,152,anchored
37,2016-01-04,2019-07-31,por_activo,0.11488655558434968,2.2900548270698566,0.05016760045494104,140,anchored
38,2016-01-04,2019-08-30,por_activo,0.08365418509043687,1.7323432460360708,0.048289613090161825,149,anchored
39,2016-01-04,2019-09-30,por_activo,0.123222991252955,2.3800749128252026,0.05177273647520889,159,anchored
40,2016-01-04,2019-10-31,por_activo,0.09645524533896266,1.6480204783006651,0.05852794101103721,167,anchored
41,2016-01-04,2019-11-29,por_activo,0.08023049593444287,1.4436789679946096,0.05557364047901156,156,anchored
42,2016-01-04,2019-12-31,por_activo,0.1213840558495054,2.954248127059593,0.04108796913085319,155,anchored
43,2016-01-04,2020-01-31,por_activo,0.1106133039360857,3.0274424931156907,0.03653688028347917,160,anchored
44,2016-01-04,2020-02-28,por_activo,0.11503244313885586,1.7067837940333708,0.06739719672813273,172,anchored
45,2016-01-04,2020-03-31,por_activo,0.08391827498593218,1.1435584495915394,0.07338345933774215,202,anchored
46,2016-01-04,2020-04-30,por_activo,0.08083105971303128,0.8125006410760556,0.09948430269049467,212,anchored
47,2016-01-04,2020-05-29,por_activo,0.1407210456089596,2.1273984370197248,0.06614700996306827,217,anchored
48,2016-01-04,2020-06-30,por_activo,0.12116546307285359,1.4388088504890293,0.08421234205757859,230,anchored
49,2016-01-04,2020-07-31,por_activo,0.086936883995552,1.1097374611296444,0.0783400462187296,209,anchored
50,2016-01-04,2020-08-31,por_activo,0.09528369990804286,0.7589303591939278,0.1255499911866027,213,anchored
51,2016-01-04,2020-09-30,por_activo,0.10269879897633705,0.8380275989971602,0.12254823003351356,186,anchored
52,2016-01-04,2020-10-30,por_activo,0.081148400654111,0.9313827721049687,0.08712680015619337,181,anchored
53,2016-01-04,2020-11-30,por_activo,0.09028315446140556,0.8527214580185335,0.10587648945905065,210,anchored
54,2016-01-04,2020-12-31,por_activo,0.09566129905243348,1.2034754674479118,0.07948753559164166,187,anchored
55,2016-01-04,2021-01-29,por_activo,0.09532868072856804,1.789126758163186,0.05328223967005982,202,anchored
56,2016-01-04,2021-02-26,por_activo,0.09416370610958369,0.8012576785829613,0.11751987984204272,197,anchored
57,2016-01-04,2021-03-31,por_activo,0.07787191649675917,0.8507476132617243,0.09153351156426064,206,anchored
58,2016-01-04,2021-04-30,por_activo,0.07996986313510002,0.7549861146717004,0.10592229655756552,221,anchored
59,2016-01-04,2021-05-28,por_activo,0.09379441278763001,1.3413039096535349,0.06992778602416626,197,anchored
60,2016-01-04,2021-06-30,por_activo,0.11997654829573645,1.3014677660762688,0.0921855703406684,234,anchored
61,2016-01-04,2021-07-30,por_activo,0.1239221914177917,1.0408992086193942,0.11905301722935978,204,anchored
62,2016-01-04,2021-08-31,por_activo,0.10807818546138925,1.130586112537965,0.09559482843705988,224,anchored
63,2016-01-04,2021-09-30,por_activo,0.050658081436391944,0.5726609678836431,0.08846085952672259,243,anchored
64,2016-01-04,2021-10-29,por_activo,0.06716115009781776,0.7210625069292542,0.09314192521787457,223,anchored
65,2016-01-04,2021-11-30,por_activo,0.09799690235747671,0.8794916688553069,0.11142448055821103,234,anchored
66,2016-01-04,2021-12-31,por_activo,0.08504494616167557,0.833850564742702,0.10199063208396046,267,anchored
67,2016-01-04,2022-01-31,por_activo,0.10386886881025714,1.0018833841119308,0.10367361157738582,277,anchored
68,2016-01-04,2022-02-28,por_activo,0.06034484373272475,0.49394936776008186,0.12216807566000386,228,anchored
69,2016-01-04,2022-03-31,por_activo,0.08221071130419433,0.741438343104592,0.11088003752268469,254,anchored
70,2016-01-04,2022-04-29,por_activo,0.06683296207448852,0.8216524925874095,0.08133969369949749,262,anchored
71,2016-01-04,2022-05-31,por_activo,0.06973916074141817,0.5568023846654302,0.12524939307385122,245,anchored
72,2016-01-04,2022-06-30,por_activo,0.0800213316445717,0.8573072197218111,0.09334032165334842,241,anchored
73,2016-01-04,2022-07-29,por_activo,0.08727162228299945,1.5245440865565487,0.05724440706737303,275,anchored
74,2016-01-04,2022-08-31,por_activo,0.0893339031767233,0.79033364172466,0.11303315265914726,276,anchored
75,2016-01-04,2022-09-30,por_activo,0.08260922835163242,0.9786236372213006,0.08441368592546229,252,anchored
76,2016-01-04,2022-10-31,por_activo,0.09611866205797726,1.055450081639963,0.09106888495250069,255,anchored
77,2016-01-04,2022-11-30,por_activo,0.08198570455317356,1.3345291698529789,0.0614341794883402,251,anchored
78,2016-01-04,2022-12-30,por_activo,0.11178163630950211,0.8668111543617988,0.1289573118054795,252,anchored
79,2016-01-04,2023-01-31,por_activo,0.07919869891753373,0.6946709429698182,0.11400894152697376,288,anchored
80,2016-01-04,2023-02-28,por_activo,0.08833265467013018,0.845810002838881,0.10443557580739175,276,anchored
81,2016-01-04,2023-03-31,por_activo,0.0691887137952445,0.7065484509582002,0.09792493876593006,308,anchored
82,2016-01-04,2023-04-28,por_activo,0.06434901332162757,0.7032736636298109,0.09149925078880758,272,anchored
83,2016-01-04,2023-05-31,por_activo,0.08277995885945044,0.8992627338140393,0.09205314058590658,243,anchored
84,2016-01-04,2023-06-30,por_activo,0.06977765990092522,1.169161692702094,0.05968178767443143,286,anchored
85,2016-01-04,2023-07-31,por_activo,0.09608458947510568,1.4130033978313332,0.06800025366009421,261,anchored
86,2016-01-04,2023-08-31,por_activo,0.08331020596232674,1.0311564359791598,0.08079298451278878,298,anchored
87,2016-01-04,2023-09-29,por_activo,0.07764154528045819,0.7529912186689268,0.1031108243436175,246,anchored
88,2016-01-04,2023-10-31,por_activo,0.07678148380038907,1.1225917865344324,0.06839661996585793,279,anchored
89,2016-01-04,2023-11-30,por_activo,0.08767593945022689,0.8782889667925458,0.0998258463503347,291,anchored
90,2016-01-04,2023-12-29,por_activo,0.06327617487042358,0.42177175129899913,0.15002468675424954,328,anchored
91,2016-01-04,2024-01-31,por_activo,0.06579839955133471,0.7697169869094281,0.08548388650681701,274,anchored
92,2016-01-04,2024-02-29,por_activo,0.08637517214934842,0.9511756380748303,0.09080885663153745,290,anchored
93,2016-01-04,2024-03-28,por_activo,0.07955182163066166,0.6914739786920342,0.11504673217224869,276,anchored
94,2016-01-04,2024-04-26,por_activo,0.07825064453501884,0.607657354063973,0.12877429033267448,294,anchored
